{"type":"Topology","arcs":[[[606292,82805],[2706,26937],[22530,11898],[12314,12744]],[[643842,134384],[4804,-32916]],[[648646,101468],[-11502,-1933],[-19959,-14918],[-10893,-1812]],[[492625,97965],[609,-26998],[27672,-544],[2436,-11234],[11840,-15884]],[[535182,43305],[-16306,-9301],[-2165,-7067],[-22530,-18904],[-20501,1812]],[[473680,9845],[-744,38533],[-7510,21502],[23748,-1571],[-474,18120]],[[488700,86429],[-7104,1993],[8661,12260]],[[490257,100682],[2368,-2717]],[[233626,203237],[-947,-23917],[4601,-11536],[10758,-5798]],[[248038,161986],[-136,-10630],[-5209,-21200],[1894,-14676],[5751,-13469],[4263,7369],[8254,785],[7375,11354],[5007,-1751]],[[275237,119768],[17997,-11838]],[[293234,107930],[-6766,-20112]],[[286468,87818],[-13532,5254],[-17929,2054],[-2233,-2658],[-23749,5678],[-11028,5194],[-7307,-2114],[-16103,4892],[-8322,-4952],[-23613,7610]],[[162652,108776],[-135,8878],[8389,8516],[5481,17757],[-3924,18059],[6427,23011],[9743,7671],[6157,-10691],[8728,12382]],[[203518,194359],[18809,1812],[11299,7066]],[[366373,518390],[3721,-10629]],[[370094,507761],[-5751,-4530]],[[364343,503231],[-1759,-5859]],[[362584,497372],[-3721,-4288]],[[358863,493084],[1353,11536],[-21109,-8879]],[[339107,495741],[-4195,182]],[[334912,495923],[135,8697]],[[335047,504620],[16035,12019],[13194,2597]],[[364276,519236],[2097,-846]],[[748443,412091],[0,-60],[4330,-4288],[2233,-1450],[-7239,2657],[-3113,-18058],[2910,-725]],[[747564,390167],[-2572,-6221],[-14952,-1993]],[[730040,381953],[-9134,25669],[4262,8939],[5481,-1148]],[[730649,415413],[9810,-3805],[19824,20716],[3451,-2476],[3045,14254]],[[766779,444102],[3383,-2597],[203,-16126],[-10217,-2537],[-11705,-10751]],[[781461,410581],[-2368,-14858],[3450,-4711]],[[782543,391012],[-7713,6342],[-20501,-26997],[4331,-7007],[-9676,-15703]],[[748984,347647],[-16914,4047],[-8390,-2054]],[[723680,349640],[3518,15583],[-6224,5254],[9066,11476]],[[747564,390167],[5480,7066],[6225,-1510],[22192,14858]],[[732679,259829],[-6766,4591],[-10487,-10328]],[[715426,254092],[-203,785]],[[715223,254877],[-1083,11898]],[[714140,266775],[6766,12744]],[[720906,279519],[9946,-5073],[1827,-14617]],[[782543,391012],[7781,-13710],[3248,6644],[5074,-13831]],[[798646,370115],[-5210,-8033],[5007,-19931],[-7916,-19025],[3112,-4047]],[[793639,319079],[-8998,-3201],[0,-10992],[-7984,4771],[-8390,-2657],[-4871,-9362],[-68,-10267]],[[763328,287371],[-18336,-11899],[-5006,-17998]],[[739986,257474],[-7307,2355]],[[720906,279519],[-1624,12865],[-4195,-1027]],[[715087,291357],[3248,5617]],[[718335,296974],[5886,-1208]],[[724221,295766],[744,-9905],[7714,-483],[12855,5979],[8322,15462],[4195,13710],[-3519,8093],[3519,11174],[-9067,7851]],[[932746,213384],[-3518,-19871],[-6428,1268],[3248,17395],[6698,1208]],[[872462,251495],[5277,6945],[4060,-5254],[-4466,-7248],[6699,-15160]],[[884032,230778],[-11164,242]],[[872868,231020],[-406,20475]],[[884032,230778],[-880,-22468]],[[883152,208310],[1218,-8516],[-7510,-14797],[11434,-13167],[21583,-10086],[15494,-3201],[2977,5738],[10690,-9966],[10758,6523]],[[949796,160838],[474,-1208],[13802,-38775],[7646,-6402],[-43167,31165],[-38768,20354],[-33356,11234],[-30785,5496],[-11705,-181]],[[813937,182521],[271,5496],[15155,46385],[11570,-3805],[-2977,18723]],[[837956,249320],[10081,906],[1489,-14556],[12584,-1087],[5886,-7912],[-2165,-11596],[-14140,-6342],[7780,-1691],[7037,-18602],[13667,12442],[-7036,7187],[4803,9543],[-5074,13408]],[[871312,252944],[1150,-1449]],[[837956,249320],[-3180,8697]],[[834776,258017],[13464,3262],[17321,-1933],[5751,-6402]],[[797834,285861],[-12314,-3262],[-6360,3684],[3316,-20172],[10284,-6342],[3112,9120],[7510,-7248]],[[803382,261641],[-2977,-2355],[-3450,-20294],[10081,-16065],[-3316,-6402],[-16847,-9906],[6157,-17756],[14818,-1329],[2435,-4228]],[[810283,183306],[-16102,1450],[-19622,-2296]],[[774559,182460],[-3585,8335],[-29906,-2234],[-7713,2838]],[[733355,191399],[-1421,10087]],[[731934,201486],[271,14012],[10419,8093]],[[742624,223591],[18742,-1087],[5548,12623],[-7510,3805],[-6360,13287],[-8322,-5556],[0,-10872],[-5345,-181]],[[739377,235610],[-2571,11234]],[[736806,246844],[12923,9966],[3450,16307],[7443,-906],[2706,15160]],[[793639,319079],[7781,-1087]],[[801420,317992],[-3586,-32131]],[[797834,285861],[18606,-10026]],[[816440,275835],[-4398,-9966],[-8660,-4228]],[[454803,102917],[2098,-1027]],[[456901,101890],[5615,-3503],[-1894,-8274],[8999,-8577]],[[469621,81536],[-4872,-11535],[-24357,5918]],[[440392,75919],[-609,11959],[5074,15583]],[[444857,103461],[9946,-544]],[[440392,75919],[744,-9965],[-3924,-12261],[-5819,-3201]],[[431393,50492],[-7374,-4650]],[[424019,45842],[-4804,14133],[1150,10871]],[[420365,70846],[-135,10147],[9201,10086],[-1218,22347],[5616,846]],[[433829,114272],[10014,-5194],[1014,-5617]],[[367862,100501],[135,-181]],[[367997,100320],[-3721,-3624],[7307,-18421]],[[371583,78275],[-8660,-52002]],[[362923,26273],[-16577,14495],[-18336,8275],[-6968,7429],[-2910,10569]],[[318132,67041],[10961,20958],[7104,2355],[17659,12684]],[[353856,103038],[14006,-2537]],[[352706,109923],[1150,-6885]],[[318132,67041],[-8728,2839],[-11299,11536],[-11637,6402]],[[293234,107930],[8254,11174]],[[301488,119104],[21245,-4651],[9066,4832],[0,-9785],[20907,423]],[[732205,589055],[9743,-19629],[22192,-13770],[17456,-6765],[-3992,-14314],[-2842,-24703],[21178,-1630]],[[795940,508244],[4600,-20958],[16306,-5979],[4398,-7852],[-8390,-13348],[-11231,-60],[-5142,-4832],[-3248,7248],[-9066,5013],[-7037,-6282],[6766,-13166],[7781,3140],[1962,-12502],[13532,-12381],[-3721,-9120],[-14073,-7007],[-7916,423]],[[766779,444102],[5683,9059],[-9608,3564],[5346,36601],[-9270,-12261],[-8457,3382],[-4330,-9301],[-3925,3382],[1151,15039],[-7916,7429],[-1286,8456],[-9675,-967],[2165,35272],[-1218,4893]],[[725439,548650],[3924,14616],[-12178,785],[5142,-11415],[-7443,-2295],[-3247,8818]],[[711637,559159],[1353,12623],[5413,-2597],[879,16971],[12923,2899]],[[721785,548710],[-947,-10872],[542,-24581],[-16103,-11174]],[[705277,502083],[-7172,1208],[-3180,-8274],[-744,19387],[4059,-4952],[16983,1932],[-3722,12321],[-11840,3322],[1894,22045],[3789,-10630],[11367,-543],[474,10992],[4600,-181]],[[759404,530349],[1488,-17334],[11705,2235],[-5683,12019],[-7510,3080]],[[395466,378027],[-3112,5194]],[[392354,383221],[2030,9785]],[[394384,393006],[1691,-423]],[[396075,392583],[0,-4409],[5616,-5557],[-6225,-4590]],[[392354,383221],[-7984,242]],[[384370,383463],[-812,5013]],[[383558,388476],[-541,10026]],[[383017,398502],[7646,3503]],[[390663,402005],[3721,-8999]],[[395466,378027],[-12652,-7308]],[[382814,370719],[947,7610]],[[383761,378329],[745,4651]],[[384506,382980],[-136,483]],[[403789,475569],[-474,-4953]],[[403315,470616],[-4804,-2657]],[[398511,467959],[-2165,4711]],[[396346,472670],[1691,3080]],[[398037,475750],[5752,-181]],[[397699,357190],[68,-60],[1488,-7309],[9540,-181]],[[408795,349640],[3180,-1570]],[[411975,348070],[5887,-16489]],[[417862,331581],[-1557,-2959]],[[416305,328622],[-11366,-12140],[-11705,11898]],[[393234,328380],[-3857,9966]],[[389377,338346],[1624,6583]],[[391001,344929],[5413,7369],[-6766,664]],[[389648,352962],[-474,2960]],[[389174,355922],[3248,2959]],[[392422,358881],[5277,-1691]],[[390392,361901],[2030,-3020]],[[389174,355922],[-5007,-61]],[[384167,355861],[-406,9422],[6631,-3382]],[[399526,392160],[5277,-3865]],[[404803,388295],[8119,-242]],[[412922,388053],[-3180,-6704],[-270,-19267]],[[409472,362082],[7172,-7610],[-4669,-6402]],[[408795,349640],[-2503,8214]],[[406292,357854],[-4669,10087],[-3924,-6342]],[[397699,361599],[-4804,5315]],[[392895,366914],[-2165,-3805]],[[390730,363109],[-338,-1208]],[[384167,355861],[1692,-8214],[-8052,-4409],[-9066,7006]],[[368741,350244],[5075,8214]],[[373816,358458],[1217,1933]],[[375033,360391],[7781,10328]],[[396075,392583],[4331,10932]],[[400406,403515],[-880,-11355]],[[406292,357854],[-8255,3201]],[[398037,361055],[-338,544]],[[390663,402005],[3653,8335]],[[394316,410340],[1015,2355]],[[395331,412695],[2842,-4892],[5413,9966]],[[403586,417769],[-3180,-14254]],[[398037,361055],[-338,-3865]],[[390730,363109],[2165,3805]],[[420974,392402],[-8052,-4349]],[[404803,388295],[-5277,3865]],[[403586,417769],[135,2355]],[[403721,420124],[609,966]],[[404330,421090],[5886,-2416]],[[410216,418674],[10758,-26272]],[[445060,481065],[136,-18421]],[[445196,462644],[-6428,-21381]],[[438768,441263],[-3315,1510]],[[435453,442773],[-2774,1027],[-3586,23917],[-3924,-16730],[-4466,0]],[[420703,450987],[-3044,10570]],[[417659,461557],[12314,17273]],[[429973,478830],[3179,4590]],[[433152,483420],[11908,-2355]],[[435453,442773],[-1421,-6825]],[[434032,435948],[-11367,2899]],[[422665,438847],[-4600,8999]],[[418065,447846],[1420,2114],[1218,1027]],[[418065,447846],[-1015,0]],[[417050,447846],[-3113,1269]],[[413937,449115],[1015,3382]],[[414952,452497],[-135,6281]],[[414817,458778],[2842,2779]],[[396346,472670],[-1894,-10268]],[[394452,462402],[-1827,-7127]],[[392625,455275],[-2098,5678],[-10622,604]],[[379905,461557],[3248,10448]],[[383153,472005],[-1895,10751]],[[381258,482756],[-2571,3624]],[[378687,486380],[0,-61],[14479,11053],[8119,2718]],[[401285,500090],[-3248,-24340]],[[401285,500090],[4060,3201]],[[405345,503291],[676,-9301]],[[406021,493990],[-2232,-18421]],[[429973,489279],[3179,-5859]],[[429973,478830],[-13735,-3261],[-4939,-6765],[-2030,-5556]],[[409269,463248],[-5954,-14496]],[[403315,448752],[-812,3926]],[[402503,452678],[677,12986]],[[403180,465664],[135,4952]],[[406021,493990],[5954,-242],[3180,-8636],[14818,4167]],[[335047,504620],[-135,0]],[[334912,504620],[-2571,9724]],[[332341,514344],[6427,13287]],[[338768,527631],[9675,5678],[14344,-182],[4263,6825]],[[367050,539952],[-2774,-20716]],[[373071,517062],[-1015,-10751]],[[372056,506311],[-1623,-242]],[[370433,506069],[-339,1692]],[[366373,518390],[6698,-1328]],[[378349,534637],[-5075,-17817]],[[373274,516820],[-203,242]],[[367050,539952],[6833,-7610],[4466,2295]],[[381664,572446],[8660,-7066]],[[390324,565380],[2098,-18784],[-7104,-6885]],[[385318,539711],[-6969,-5074]],[[367050,539952],[4736,32917],[-7037,-60]],[[364749,572809],[5616,7428],[11299,-7791]],[[379702,513076],[-203,-5315]],[[379499,507761],[0,-182]],[[379499,507579],[-2030,-2416]],[[377469,505163],[-5413,1148]],[[373274,516820],[6428,-3744]],[[338768,527631],[339,13348]],[[339107,540979],[13464,-604],[1759,12925],[10419,19509]],[[295399,395119],[-4195,-17575],[5277,-11657],[-8931,-13952],[7105,-11958],[6563,-3503],[9742,-15462],[1218,-13771]],[[312178,307241],[7307,-3865]],[[319485,303376],[-4939,-5073],[7984,-13771],[10420,11173],[-880,14435]],[[332070,310140],[-1015,27964],[4804,15764]],[[335859,353868],[6631,362]],[[342490,354230],[4803,-28990]],[[347293,325240],[-12990,-2537],[4804,-13408],[-2842,-14616],[8728,9542]],[[344993,304221],[-8390,-22407],[8864,-12985],[5209,3382],[11705,-5255]],[[362381,266956],[1083,-1449]],[[363464,265507],[-3857,-7248]],[[359607,258259],[-2571,-8214],[-1150,-28326],[5007,-2658]],[[360893,219061],[-1353,-9059]],[[359540,210002],[-18877,10811],[-7713,-423],[-5481,8697],[-12787,5919]],[[314682,235006],[-13870,-5073]],[[300812,229933],[-18674,7368]],[[282138,237301],[10893,16549],[3180,17757]],[[296211,271607],[9472,2959],[609,7067],[-8390,28085]],[[297902,309718],[-7578,15341],[-2232,20535]],[[288092,345594],[-4601,17938],[-11164,4831],[-203,4832]],[[272124,373195],[7104,10872],[-6630,10630],[11299,6764]],[[283897,401461],[11502,-6342]],[[347293,325240],[406,-20777]],[[347699,304463],[-2706,-242]],[[332341,514344],[-7646,8274]],[[324695,522618],[-541,32192],[7984,19629]],[[332138,574439],[7780,-24702],[-811,-8758]],[[342760,466026],[4872,-18180]],[[347632,447846],[-609,-8274]],[[347023,439572],[-3045,1993]],[[343978,441565],[-11028,8395],[-6834,785],[-135,10208],[16779,5073]],[[334912,495923],[-9270,-11174],[-5345,-10811]],[[320297,473938],[-3112,20112],[-8796,9604],[-4397,-4107],[-8931,12864]],[[295061,512411],[6157,8939]],[[301218,521350],[14614,-1450],[19080,-15280]],[[358863,493084],[-12652,-12381]],[[346211,480703],[-7104,15038]],[[332070,310140],[-8119,8758],[2909,-14254],[-7375,-1268]],[[312178,307241],[1556,26213],[2910,15039]],[[316644,348493],[-609,3624],[19824,1751]],[[308863,549495],[6157,-11053]],[[315020,538442],[-10961,-9059],[-2841,-8033]],[[295061,512411],[-2707,17515]],[[292354,529926],[1015,15583],[6428,8999]],[[299797,554508],[9066,-5013]],[[352435,423506],[2842,3805]],[[355277,427311],[947,-15039],[7578,-6764]],[[363802,405508],[-16170,-5074],[-9879,9302]],[[337753,409736],[1354,6100]],[[339107,415836],[9539,-9905],[-1353,7610],[5142,9965]],[[371109,469469],[-11975,-7006],[-542,-7007]],[[358592,455456],[-6563,-2778]],[[352029,452678],[-1150,9483],[6766,1932],[9472,13408]],[[367117,477501],[880,-2355]],[[367997,475146],[3112,-5677]],[[315020,538442],[9675,-15824]],[[391001,344929],[-1353,8033]],[[423680,423627],[4533,-1027]],[[428213,422600],[406,-12683],[4263,-7187]],[[432882,402730],[1218,-1088]],[[434100,401642],[-3180,-5315]],[[430920,396327],[-4939,-2295]],[[425981,394032],[-6969,24220],[1691,4409]],[[420703,422661],[2977,966]],[[368741,322945],[2436,10086],[11976,-14797],[-5819,-10147]],[[377334,308087],[-68,-906]],[[377266,307181],[-8525,15764]],[[413937,449115],[-2706,-7671]],[[411231,441444],[-6292,-423]],[[404939,441021],[-1624,6342]],[[403315,447363],[0,1389]],[[403315,448752],[11637,3745]],[[404939,441021],[1015,-2778]],[[405954,438243],[-880,-181]],[[405074,438062],[-5819,-4651]],[[399255,433411],[-5412,6403]],[[393843,439814],[-2368,5918]],[[391475,445732],[1150,5859]],[[392625,451591],[10690,-4228]],[[404533,505647],[-8458,2295],[-14073,-7973],[-2503,7610]],[[379499,507579],[0,182]],[[379702,513076],[14614,11173]],[[394316,524249],[2165,2597]],[[396481,526846],[8052,-21199]],[[443098,335809],[-8931,12140]],[[434167,347949],[609,10449]],[[434776,358398],[-9607,29534],[812,6100]],[[430920,396327],[14276,-30440]],[[445196,365887],[-4669,-3865],[3654,-15402],[-1083,-10811]],[[443234,419278],[-4804,-19508]],[[438430,399770],[-4330,1872]],[[432882,402730],[3315,19448]],[[436197,422178],[7037,-2900]],[[417388,360572],[12043,-5556],[5345,3382]],[[434167,347949],[-4397,-14072],[-11908,-2296]],[[409472,362082],[7916,-1510]],[[385318,539711],[8998,-15462]],[[432138,548408],[3315,-242]],[[435453,548166],[3383,-3140]],[[438836,545026],[3789,-2114]],[[442625,542912],[-2436,-7006]],[[440189,535906],[-5683,-11415]],[[434506,524491],[947,11354],[-3315,12563]],[[434032,435948],[2300,-7127],[0,-60],[-135,-6583]],[[436197,422178],[-7984,422]],[[423680,423627],[-541,12140]],[[423139,435767],[-474,3080]],[[425981,394032],[-5007,-1630]],[[410216,418674],[1218,4228],[4736,3564]],[[416170,426466],[4533,-3805]],[[378687,486621],[-10690,-11475]],[[367117,477501],[1354,16912]],[[368471,494413],[5480,4469]],[[373951,498882],[203,181]],[[374154,499063],[5413,-241],[-880,-12201]],[[455954,420305],[203,-1751]],[[456157,418554],[-2436,-2416],[135,-23314],[-2706,-2597],[-12720,9543]],[[443234,419278],[12720,1027]],[[393234,328380],[-7037,-422],[3180,10388]],[[458998,559038],[8322,-9724]],[[467320,549314],[-4195,-2778],[-1759,0],[-67,0],[-136,60],[-3924,-423],[0,121],[-1082,-1208]],[[456157,545086],[-4060,-1268]],[[452097,543818],[-5345,-2597]],[[446752,541221],[-812,604]],[[445940,541825],[-1624,7489],[7646,9905],[7036,-181]],[[442625,542912],[3315,-1087]],[[446752,541221],[5007,-9543]],[[451759,531678],[-5345,-4228],[2638,-19810],[8593,-13892]],[[457645,493748],[-12585,-12683]],[[445060,481065],[1895,15703],[-5345,28206],[3383,9180],[-4804,1752]],[[418268,551851],[3518,9905]],[[421786,561756],[5954,-7791]],[[427740,553965],[-9472,-2114]],[[417388,360572],[-2233,6100],[5819,25730]],[[404533,505647],[812,-2356]],[[378687,486380],[0,241]],[[374154,499063],[3315,6100]],[[379093,390650],[68,0],[4397,-2174]],[[384506,382980],[-2707,-4530]],[[381799,378450],[-12652,3926],[68,-9302]],[[369215,373074],[-3518,846]],[[365697,373920],[-1895,4288]],[[363802,378208],[-135,16489]],[[363667,394697],[7239,-5376],[271,6644],[7916,-5315]],[[377740,462402],[-5210,-2114]],[[372530,460288],[-5345,1933],[-6225,-6946]],[[360960,455275],[-2368,181]],[[371109,469469],[6631,-7067]],[[444046,331581],[-5007,-4650],[3924,-16730]],[[442963,310201],[-7713,5496],[-17118,3141]],[[418132,318838],[-1827,9784]],[[443098,335809],[948,-4228]],[[423139,435767],[-5683,-1329]],[[417456,434438],[-11502,3805]],[[411231,441444],[5819,6402]],[[417456,434438],[-1286,-7972]],[[404330,421090],[744,16972]],[[398985,456060],[3518,-3382]],[[392625,451591],[0,3684]],[[394452,462402],[608,-1933]],[[395060,460469],[3925,-4409]],[[448511,440478],[-9743,785]],[[445196,462644],[4465,-4590],[-1150,-17576]],[[367253,360995],[2841,242]],[[370094,361237],[3722,-2779]],[[368741,350244],[-4059,-1087]],[[364682,349157],[-8864,5738]],[[355818,354895],[-5818,12079],[7780,8033]],[[357780,375007],[9473,-14012]],[[405345,503291],[4803,9120],[8120,39440]],[[427740,553965],[4398,-5557]],[[434506,524491],[-4736,-2295],[3585,-18422],[-3382,-14495]],[[387009,414809],[609,-242],[6698,-4227]],[[383017,398502],[947,6583]],[[383964,405085],[3045,9724]],[[365697,373920],[4397,-12683]],[[357780,375007],[-19553,-1993],[-2977,3926]],[[335250,376940],[6901,8214]],[[342151,385154],[21651,-6946]],[[391475,445732],[-1421,-6764]],[[390054,438968],[-1624,-4711]],[[388430,434257],[-3045,2053]],[[385385,436310],[-3383,8396]],[[382002,444706],[-9472,15582]],[[377740,462402],[2165,-845]],[[381799,378450],[1962,-121]],[[375033,360391],[-5818,12683]],[[361502,432928],[6630,-6523]],[[368132,426405],[3316,-8033]],[[371448,418372],[-7646,-12864]],[[355277,427311],[6225,5617]],[[381258,482756],[-135,-2476],[2030,-8275]],[[399255,433411],[-9878,-604]],[[389377,432807],[-947,1450]],[[390054,438968],[3789,846]],[[421786,561756],[-2030,8335]],[[419756,570091],[2436,5858]],[[422192,575949],[10555,-2476],[5683,6160]],[[438430,579633],[947,2960]],[[439377,582593],[-7239,-34185]],[[451759,531678],[5412,-6765],[10420,-2717]],[[467591,522196],[-3789,-25186]],[[463802,497010],[-6157,-3262]],[[488903,312979],[3857,-4952],[-3315,-17576]],[[489445,290451],[-4330,1087],[-2436,-32131],[-3518,2838]],[[479161,262245],[-6157,3201],[-8458,-6764]],[[464546,258682],[-9743,9361],[-10757,43003],[-1083,-845]],[[444046,331581],[12111,6886]],[[456157,338467],[18876,-18905],[13870,-6583]],[[458660,344990],[-203,-1208]],[[458457,343782],[-3045,14193],[-10216,7912]],[[456157,418554],[17523,-14556],[1827,-5496]],[[475507,398502],[-5210,-18180],[-3721,5255],[-9608,-1691],[-1082,-18905],[2774,-19991]],[[469350,542489],[947,-6764]],[[470297,535725],[-2706,-13529]],[[452097,543818],[4060,1268]],[[467320,549314],[2030,-6825]],[[396481,526846],[2774,17576],[13600,8939],[5413,-1510]],[[414817,458778],[-5548,4470]],[[370500,503472],[3451,-4590]],[[368471,494413],[-5887,2959]],[[364343,503231],[6157,241]],[[390324,565380],[7713,4831],[3857,8939]],[[401894,579150],[4669,-8818],[13193,-241]],[[383423,414749],[-2030,1328]],[[381393,416077],[-9945,2295]],[[368132,426405],[12517,1027],[2774,-12683]],[[463802,497010],[5074,-11113]],[[468876,485897],[1083,-5496],[21786,-2960]],[[491745,477441],[1489,-6281]],[[493234,471160],[-19486,-14858],[1827,-15643],[-8864,3322],[-9201,-14375]],[[457510,429606],[-10690,4893],[1691,5979]],[[458457,343782],[-2300,-5315]],[[382070,433472],[3315,2838]],[[389377,432807],[406,-4831],[13938,-7852]],[[395331,412695],[-8390,9301],[-1082,-6945]],[[385859,415051],[-2368,-2175],[-68,1873]],[[361502,432928],[4059,15522]],[[365561,448450],[3383,4107],[2842,-14857],[10284,-4228]],[[327740,368001],[270,-1449]],[[328010,366552],[7849,-12684]],[[316644,348493],[-6157,5134],[10825,15642],[6428,-1268]],[[346211,480703],[-3451,-14677]],[[343978,441565],[-5819,-4530],[-7510,3383],[-14073,-5919]],[[316576,434499],[744,3201],[-17388,5013]],[[299932,442713],[-2030,8999],[8119,13468],[14276,8758]],[[330852,399770],[4398,-10026],[6901,-4590]],[[335250,376940],[-7240,-10388]],[[327740,368001],[-5345,16489],[-5075,7066],[-5209,-6644],[-8390,4470],[3857,6825],[-10352,-906]],[[297226,395301],[17794,6583]],[[315020,401884],[1150,3080]],[[316170,404964],[14682,-5194]],[[316576,434499],[-5007,-15402],[3451,-17213]],[[297226,395301],[-1827,-182]],[[283897,401461],[2977,17153]],[[286874,418614],[2571,19267],[5616,845]],[[295061,438726],[4871,3987]],[[295061,438726],[947,5919],[-6901,13831],[-1962,-11234],[-5413,10147]],[[281732,457389],[-4601,13288]],[[277131,470677],[-2097,9784]],[[275034,480461],[203,15643],[4330,7006]],[[279567,503110],[541,11415]],[[280108,514525],[5751,11657],[6495,3744]],[[366102,318656],[-405,-8274]],[[365697,310382],[-8661,10147]],[[357036,320529],[5548,2778]],[[362584,323307],[3518,-4651]],[[355818,354895],[-13328,-665]],[[347023,439572],[2029,-7912],[-7645,-8999]],[[341407,422661],[-2436,-5134]],[[338971,417527],[-20433,-242],[-2368,-12321]],[[385859,415051],[1150,-242]],[[383964,405085],[-7307,9301],[4736,1691]],[[357036,320529],[1489,-8033],[7172,-2114]],[[366102,318656],[2639,4289]],[[377266,307181],[-203,-11415]],[[377063,295766],[1895,-2960]],[[378958,292806],[-8458,-4167],[-5683,8033],[-11028,2053]],[[353789,298725],[-6090,5738]],[[347293,325240],[5481,-9120],[4262,4409]],[[382002,444706],[68,-11234]],[[365561,448450],[-4601,6825]],[[370500,503472],[-67,2597]],[[330852,399770],[6901,9966]],[[363802,405508],[-135,-10811]],[[352029,452678],[-4397,-4832]],[[346684,594612],[-406,-11838],[12382,11234]],[[358660,594008],[6089,-21199]],[[332138,574439],[0,8033],[14546,12140]],[[308863,549495],[4466,20475],[-12720,8939],[8322,10026],[13058,-3866],[9607,7973],[-4262,11958]],[[327334,605000],[271,5919],[8863,3624],[4330,9301]],[[340798,623844],[5886,-29232]],[[364682,349157],[1759,-8274],[-3857,-17576]],[[418132,318838],[-1759,-5436],[1895,-24401]],[[418268,289001],[-16036,21200],[-7442,-32373]],[[394790,277828],[-7240,-5436]],[[387550,272392],[-8998,544],[-6090,-7308],[-8998,-121]],[[362381,266956],[-812,9785]],[[361569,276741],[11638,-5134],[676,5375],[10284,-483],[-5209,16307]],[[377063,295766],[8796,7670]],[[385859,303436],[5616,12261],[-5413,-1208],[-1150,-7731]],[[384912,306758],[-7578,1329]],[[419621,271848],[1488,-422],[4601,1268]],[[425710,272694],[-3924,-10811],[8863,2114],[-1082,-13590]],[[429567,250407],[-4060,-16246],[6563,-13771],[1556,11415]],[[433626,231805],[14276,-3141]],[[447902,228664],[5210,846],[-1421,-9784]],[[451691,219726],[-3451,-2296],[-5751,11355],[-5412,-7549]],[[437077,221236],[-5278,-7913],[8864,-16488]],[[440663,196835],[-10014,60]],[[430649,196895],[-3586,12623],[-9472,-2959],[-8728,-11355]],[[408863,195204],[-4466,-6341]],[[404397,188863],[-7983,8455]],[[396414,197318],[-14006,-8033],[-3180,7792],[-12381,11415]],[[366847,208492],[-7307,1510]],[[360893,219061],[10149,7731],[5818,-8335],[5075,6342]],[[381935,224799],[4939,-14797],[4533,-1088]],[[391407,208914],[4398,-5013],[4736,6161]],[[400541,210062],[2571,-9603],[9066,10207],[-3586,12261]],[[408592,222927],[6360,12743],[-4804,16972],[-4803,-15764]],[[405345,236878],[-9270,9966]],[[396075,246844],[-1556,4469],[7375,13711],[-11773,-10389]],[[390121,254635],[2233,10811],[-4398,4409]],[[387956,269855],[-406,2537]],[[394790,277828],[14547,-11053],[10284,5073]],[[451691,219726],[1624,-10147],[8254,-13348]],[[461569,196231],[-3586,4590],[-12314,-7308]],[[445669,193513],[-8592,27723]],[[445669,193513],[-2706,-3020]],[[442963,190493],[-2300,6342]],[[481596,213807],[1015,-17334],[4939,-11959]],[[487550,184514],[-1015,-5194],[-15561,1027],[473,8455]],[[471447,188802],[-1150,12925],[9134,18663]],[[479431,220390],[2165,-6583]],[[441136,175032],[9405,-4591],[2639,-10267],[5683,5556]],[[458863,165730],[-2504,-13529],[-3991,-1268]],[[452368,150933],[-6022,3805],[-10893,-7248],[1624,-14012]],[[437077,133478],[-4330,-15401]],[[432747,118077],[-10285,16368],[-812,6220],[-10825,4107]],[[410825,144772],[-1353,6161]],[[409472,150933],[10758,14797],[-68,4470]],[[420162,170200],[20974,4832]],[[500270,204264],[7375,-9905],[2233,-11717],[6901,-2235],[6089,-12986]],[[522868,167421],[-3789,-4167],[-27605,12200]],[[491474,175454],[-3924,9060]],[[481596,213807],[1692,-4107],[16982,-5436]],[[461569,196231],[7037,-12079]],[[468606,184152],[-4330,-14858]],[[464276,169294],[-5413,-3564]],[[441136,175032],[1827,15461]],[[312720,202150],[-11705,3805]],[[301015,205955],[-203,23978]],[[314682,235006],[1759,-15703],[-3721,-17153]],[[353789,298725],[13937,-12442],[-6157,-9542]],[[268268,600531],[2368,7429],[-9134,-3986]],[[261502,603974],[-2233,8214],[9405,-846]],[[268674,611342],[7577,-6161]],[[276251,605181],[-203,-6341]],[[276048,598840],[-7780,1691]],[[276048,598840],[542,-4107]],[[276590,594733],[-6631,-4168]],[[269959,590565],[-8119,-1872]],[[261840,588693],[-203,4228]],[[261637,592921],[6631,7610]],[[257510,573835],[-3045,-6945]],[[254465,566890],[-17726,-5557]],[[236739,561333],[135,242]],[[236874,561575],[-271,2778]],[[236603,564353],[2977,9482],[7307,4892]],[[246887,578727],[6090,2175]],[[252977,580902],[4533,-7067]],[[265020,572990],[-1691,-14194]],[[263329,558796],[-4263,-2476]],[[259066,556320],[-4601,10570]],[[257510,573835],[6427,604]],[[263937,574439],[1083,-1449]],[[99865,659660],[-5548,-25246],[-6090,-1027],[3519,17394],[-8526,20294],[8390,2114]],[[91610,673189],[2774,-11234],[5481,-2295]],[[100271,684423],[3382,181]],[[103653,684604],[3654,362]],[[107307,684966],[0,-120],[-4127,-24461]],[[103180,660385],[-3315,-725]],[[91610,673189],[-67,14314]],[[91543,687503],[8728,-3080]],[[285656,832034],[135,-18904]],[[285791,813130],[4601,-23737]],[[290392,789393],[-744,-21561],[-10690,-18240]],[[278958,749592],[-30514,-29776]],[[248444,719816],[-948,12442]],[[247496,732258],[-5345,12925],[-1556,13951],[3451,2779],[9404,30500],[-812,18663]],[[252638,811076],[3451,7550],[9337,10871],[15291,5678],[4939,-3141]],[[247496,732258],[-12246,15038],[-15291,10208],[-1827,-2779]],[[218132,754725],[-10351,14254]],[[207781,768979],[20433,2235],[811,15462]],[[229025,786676],[2098,0],[12517,25004],[8998,-604]],[[410757,987497],[9405,-9845],[0,-121]],[[420162,977531],[-15494,-11838],[3315,-10448],[-6495,-6403],[2571,-7730],[-4871,2536]],[[399188,943648],[-9540,9966],[5886,7791],[-541,9180],[4871,8879],[-1082,12200],[203,8335],[11772,-12502]],[[942015,266896],[7849,-18119],[11028,-25850],[3857,-17818],[-3383,-19931],[-12991,-12260],[1421,-12080]],[[883152,208310],[9608,4591],[1285,12985],[11367,-1268],[5210,6704],[5886,25850],[10961,4228],[1691,12804],[12855,-7308]],[[522868,167421],[-3518,-16065]],[[519350,151356],[-4804,-22710],[-5345,-3623]],[[509201,125023],[-744,-7429],[-8457,422],[-12450,12382],[609,9059],[-6427,2296]],[[481732,141753],[270,13045]],[[482002,154798],[9472,20656]],[[495196,146282],[473,-11717],[11502,-2355],[3045,16186],[-7442,3624],[-2369,9905],[-7510,-9542],[2301,-6101]],[[55413,298725],[3247,-14978],[16035,-846]],[[74695,282901],[1151,-10871]],[[75846,272030],[-4939,-23857]],[[70907,248173],[-7849,1872]],[[63058,250045],[541,14616],[-8119,4590]],[[55480,269251],[-3992,665],[-1150,32856]],[[50338,302772],[5075,-4047]],[[186265,761067],[-13870,2114]],[[172395,763181],[-4939,6764]],[[167456,769945],[-406,6825],[15223,8154]],[[182273,784924],[2504,2235]],[[184777,787159],[1488,-26092]],[[270094,278130],[9608,-544],[11570,-7610],[4939,1631]],[[282138,237301],[-16847,4711]],[[265291,242012],[-5142,11898],[-5819,-1389],[-3924,7912]],[[250406,260433],[-406,3383]],[[250000,263816],[13464,9059]],[[263464,272875],[6630,5255]],[[357510,641178],[2368,-20172],[15088,-12865]],[[374966,608141],[-12382,-4409],[-3924,-9724]],[[340798,623844],[-6698,6342]],[[334100,630186],[-2842,10811],[11299,9241],[406,-5013],[14547,-4047]],[[248917,597934],[4601,-11536]],[[253518,586398],[609,-3805]],[[254127,582593],[-1150,-1691]],[[246887,578727],[-1014,20475]],[[245873,599202],[3044,-1268]],[[196482,560910],[-4331,-6945],[-21042,-9785],[-3924,1027]],[[167185,545207],[1827,16126]],[[169012,561333],[13396,1087],[10217,9181]],[[192625,571601],[5210,-3443]],[[197835,568158],[-1353,-7248]],[[172869,469167],[2706,-17334]],[[175575,451833],[1624,-6282]],[[177199,445551],[-7037,-8818],[-11096,-4228]],[[159066,432505],[-2030,2114]],[[157036,434619],[5481,3383],[-744,11052],[5751,1752],[-1489,20233]],[[166035,471039],[6834,-1872]],[[77875,270157],[-1353,-6583],[7916,-242],[474,-7368],[9540,-10570],[10149,-1328],[9472,7006]],[[114073,251072],[1759,2778]],[[115832,253850],[744,-14616],[4939,-7671]],[[121515,231563],[-3924,-4590],[10758,-9361]],[[128349,217612],[-7984,1449],[-4059,-10751],[8525,-12260],[609,-22045],[-5278,-22226]],[[120162,151779],[-21109,18179],[-29297,22106],[-21853,7126]],[[47903,199190],[3991,31407]],[[51894,230597],[15156,-4047],[8051,10751],[-4194,10872]],[[75846,272030],[2029,-1873]],[[75034,722956],[1421,-8214],[9675,-6825]],[[86130,707917],[1150,-10146]],[[87280,697771],[-15020,5315]],[[72260,703086],[-8187,7368],[-2639,-9543],[17659,-16307],[0,-13287],[-3789,-11717]],[[75304,659600],[-13261,-1450],[-1421,-7429]],[[60622,650721],[-7510,3382]],[[53112,654103],[7307,24763]],[[60419,678866],[2504,13167],[-5007,16549],[2774,11113]],[[60690,719695],[-2233,18965],[5616,-2175],[2368,-19025],[8593,5496]],[[32679,239838],[-4804,-35151],[-2029,-242]],[[25846,204445],[-25846,14012],[2977,10328],[18065,12804],[11637,-1751]],[[231055,688651],[8119,-6161]],[[239174,682490],[6699,-9905]],[[245873,672585],[3450,-8818]],[[249323,663767],[-15900,-19569]],[[233423,644198],[-9134,5496]],[[224289,649694],[-2571,4832]],[[221718,654526],[-2097,24401]],[[219621,678927],[6157,6100]],[[225778,685027],[5277,3624]],[[242693,701576],[-1624,2778]],[[241069,704354],[4939,14556]],[[246008,718910],[812,422]],[[246820,719332],[4736,-15461],[-8863,-2295]],[[199459,258863],[2638,-16609]],[[202097,242254],[-4871,-18301],[6157,-5677],[-3248,-5738],[3451,-12985]],[[203586,199553],[-29838,-5798],[-6157,3986],[-4262,21381],[6157,7972],[11366,-11173],[4669,14676],[-5142,17576],[2029,12442]],[[182408,260615],[2910,8697]],[[185318,269312],[11502,-1329],[2639,-9120]],[[343978,850636],[-13532,-7006]],[[330446,843630],[-947,2356]],[[329499,845986],[6834,8939],[7645,-4289]],[[288092,345594],[-5007,-18482],[-4330,-423]],[[278755,326689],[-15900,15824],[-24222,-3744]],[[238633,338769],[-3112,8093],[8660,1812],[271,16730],[4939,8697],[11164,2778],[11569,-3684]],[[266914,541945],[2977,-19991],[-4939,-19025],[-4668,-6221],[1488,-9060]],[[261772,487648],[1286,-8878],[-3924,-11536]],[[259134,467234],[-5616,-1872],[-3383,11958]],[[250135,477320],[2909,5859],[-338,16247],[-11773,-3926]],[[240933,495500],[-1556,21139],[3383,25850]],[[242760,542489],[1421,-12985],[10284,906],[2504,9542],[-9134,8033]],[[247835,547985],[11231,8335]],[[263329,558796],[2706,-1449]],[[266035,557347],[879,-15402]],[[261637,592921],[-2977,11415]],[[258660,604336],[2842,-362]],[[285182,195385],[3654,-17575]],[[288836,177810],[-5277,-7006]],[[283559,170804],[-5684,1087]],[[277875,171891],[-5683,15945],[12990,7549]],[[219012,595880],[-5007,-12683]],[[214005,583197],[-2774,-181]],[[211231,583016],[-2436,4590]],[[208795,587606],[-8119,10086],[-2503,13590]],[[198173,611282],[7645,6221],[11638,-11718],[1556,-9905]],[[215426,420970],[2774,-14677],[5954,7670]],[[224154,413963],[9269,-3321]],[[233423,410642],[-10825,-7671],[12178,1691],[9473,-3020]],[[244249,401642],[5277,-1208],[3451,-12139],[-2707,-4409],[-15291,-665],[-13464,-9603]],[[221515,373618],[-8186,-18904]],[[213329,354714],[-10893,24038],[-8255,40104]],[[194181,418856],[1218,5919]],[[195399,424775],[15088,9844],[4939,-13649]],[[77875,639729],[-5615,5919],[-5548,-4590]],[[66712,641058],[-7307,3563]],[[59405,644621],[1217,6100]],[[75304,659600],[5413,-2718],[-2842,-17153]],[[50609,243945],[1285,-13348]],[[47903,199190],[-22057,5255]],[[32679,239838],[7104,14374]],[[39783,254212],[339,-11113],[10487,846]],[[215426,420970],[6901,3623]],[[222327,424593],[1827,-10630]],[[297902,309718],[-4601,2355],[-7916,-6764],[-2097,-12019],[-13194,-15160]],[[263464,272875],[-7104,18240],[-6090,8275]],[[250270,299390],[-2029,6100]],[[248241,305490],[5751,845],[3518,10812],[10961,-2537],[10284,12079]],[[146008,677840],[-14141,-14496],[1489,-12381],[-3654,-1933]],[[129702,649030],[-8119,9966],[-13126,-5255]],[[108457,653741],[-5277,6644]],[[107307,684966],[23275,2960],[3992,-10449],[11434,363]],[[262111,647580],[-1353,-8878],[-8255,-1570]],[[252503,637132],[-2977,25487]],[[249526,662619],[12585,-15039]],[[267320,630548],[0,-120],[677,-13771]],[[267997,616657],[677,-5315]],[[258660,604336],[-3315,4409],[-7172,-5859]],[[248173,602886],[0,9060]],[[248173,611946],[7239,7852],[-8863,6281],[1015,7912],[14276,2356],[5480,-5799]],[[172733,651989],[5887,10208]],[[178620,662197],[8525,1208]],[[187145,663405],[879,-12925],[-9540,-3504],[-5751,5013]],[[283559,170804],[14005,-13771],[2639,2114]],[[300203,159147],[8795,-4651]],[[308998,154496],[-270,-8516],[-9946,-26635],[2706,-241]],[[275237,119768],[7780,10811],[-6969,31769],[1827,9543]],[[370568,694932],[-3112,4590],[-8322,-3563]],[[359134,695959],[-7105,2838],[-8254,14013],[1218,3986]],[[344993,716796],[4262,4046],[22057,-2355]],[[371312,718487],[-4195,-14858],[3451,-8697]],[[138024,590565],[-1962,-7429],[-8525,-6522],[-1082,-11476]],[[126455,565138],[-7714,10811]],[[118741,575949],[4601,9966],[-947,10146]],[[122395,596061],[3789,2356]],[[126184,598417],[7713,1510],[4127,-9362]],[[125440,705985],[3924,-12563],[-9269,1993],[-4128,-4892],[-9472,4892]],[[106495,695415],[-3383,6523]],[[103112,701938],[7916,11959]],[[111028,713897],[11841,-242]],[[122869,713655],[2571,-7670]],[[170230,502083],[4804,-14616]],[[175034,487467],[-2165,-18300]],[[166035,471039],[-9743,3926],[-5074,-3201]],[[151218,471764],[1082,11234],[6766,4046]],[[159066,487044],[5007,13106],[6157,1933]],[[236603,564353],[-4736,23011]],[[231867,587364],[338,15281],[10488,2536],[3180,-5979]],[[208931,702421],[2368,-13831],[8322,-9663]],[[221718,654526],[-10757,-4167]],[[210961,650359],[-16645,17334]],[[194316,667693],[3316,11234],[-1895,14193]],[[195737,693120],[-1962,7610]],[[193775,700730],[6631,-4650],[8525,6341]],[[203518,194359],[68,5194]],[[202097,242254],[11502,-9362],[14818,846],[7983,-7671]],[[236400,226067],[1083,-19508]],[[237483,206559],[-3857,-3322]],[[332408,828652],[-22259,-20777],[1353,-6946]],[[311502,800929],[-4669,-8335]],[[306833,792594],[-16441,-3201]],[[285791,813130],[5413,6522],[3180,-6945],[13667,4409],[4398,10086]],[[312449,827202],[9946,2476],[3653,11053],[3451,5255]],[[330446,843630],[1962,-14978]],[[220162,706891],[2504,-10087]],[[222666,696804],[3112,-11777]],[[208931,702421],[11231,4470]],[[165358,676148],[1489,0]],[[166847,676148],[2842,-11234],[5412,4711],[3519,-7428]],[[172733,651989],[1489,-10146]],[[174222,641843],[-14479,-21864]],[[159743,619979],[-8796,-7429]],[[150947,612550],[-1894,-17274],[-5481,-9603],[-5548,4892]],[[126184,598417],[-2300,23253]],[[123884,621670],[7374,60],[-5277,16489],[3721,10811]],[[146008,677840],[16847,5737],[2503,-7429]],[[240054,720842],[-4263,-724]],[[235791,720118],[-4465,-544]],[[231326,719574],[0,121],[0,4228],[-12652,18904],[541,7429]],[[219215,750256],[8254,-2960],[11367,-10388],[1218,-16066]],[[229228,704898],[-338,-3987]],[[228890,700911],[-6224,-4107]],[[220162,706891],[2301,3140]],[[222463,710031],[6765,-5133]],[[337956,685389],[-9472,-362]],[[328484,685027],[880,12864]],[[329364,697891],[-3925,14194]],[[325439,712085],[5413,7489],[8999,-13529],[3383,-16186],[-5278,-4470]],[[277131,470677],[-3654,-12442],[-10757,362]],[[262720,458597],[-3586,8637]],[[261772,487648],[13262,-7187]],[[238633,338769],[-3451,-4530]],[[235182,334239],[-12990,14133],[-9202,-10026]],[[212990,338346],[339,16368]],[[221515,373618],[10758,-10570],[3451,-12623],[7172,11899],[6157,17998],[13058,3926],[7510,14918],[1827,11898],[10893,1450],[4533,6100]],[[46414,739082],[744,-1268]],[[47158,737814],[-3721,-6825],[6022,-9965],[4533,664]],[[53992,721688],[-1556,-25005],[-3045,-8878]],[[49391,687805],[-17659,-12079]],[[31732,675726],[-14276,-5013]],[[17456,670713],[-4060,8455],[-947,23072],[4872,5255],[9946,16911],[0,8697],[8998,5919],[10149,60]],[[156563,749350],[3112,-22649],[-8390,-604],[-7577,24340]],[[143708,750437],[12855,-1087]],[[205210,759618],[3721,-11536],[-9269,-2899]],[[199662,745183],[-20501,2778]],[[179161,747961],[-6766,15220]],[[186265,761067],[7172,2778],[11773,-4227]],[[66712,641058],[7645,-15341]],[[74357,625717],[-1827,-13167]],[[72530,612550],[-11908,5496],[-9134,-1812],[-1691,5859]],[[49797,622093],[7713,664],[-879,15643],[2774,6221]],[[78146,540798],[-5480,-8456],[2029,-9965],[7375,5919],[2165,-17153],[-1759,-23978],[-3721,-2476]],[[78755,484689],[-8322,1449],[1082,21441],[3045,9785],[-8322,11415],[-9878,-3926],[-7307,11959]],[[49053,536812],[5345,-665],[9675,11597],[744,-5919],[13329,-1027]],[[169147,824967],[-1353,-2899]],[[167794,822068],[-4804,-3140],[3857,-15039],[-6563,-3382],[-5345,11596],[-7240,-363]],[[147699,811740],[-676,15039],[5210,7792]],[[152233,834571],[11028,604],[3586,14253],[5277,-2778],[3451,-12502],[-6428,-9181]],[[373613,761309],[-6969,-9422]],[[366644,751887],[-6293,1932]],[[360351,753819],[-5277,1752]],[[355074,755571],[-6022,11657],[9743,13951],[7849,1933]],[[366644,783112],[6969,-21803]],[[232408,424956],[-10081,-363]],[[195399,424775],[338,9482]],[[195737,434257],[1218,7489]],[[196955,441746],[8660,21562],[5278,5436]],[[210893,468744],[7916,-17274]],[[218809,451470],[2030,-12744],[6833,-1449],[4736,-12321]],[[362314,857824],[1962,-20535]],[[364276,837289],[-1556,-9241]],[[362720,828048],[-745,543]],[[361975,828591],[-9540,6040]],[[352435,834631],[-203,7972]],[[352232,842603],[8052,9362],[-338,6100]],[[359946,858065],[2368,-241]],[[96549,742042],[-11028,1087],[-2977,7791]],[[82544,750920],[2706,16066],[5007,3382]],[[90257,770368],[4127,906],[3248,-17575],[-1083,-11657]],[[87280,697771],[6225,-1088]],[[93505,696683],[-1962,-9180]],[[91543,687503],[-12314,8999],[-8052,-1691],[1083,8275]],[[136265,409132],[-947,-13469],[-11976,9120],[-22666,2597]],[[100676,407380],[-6495,24582],[2977,3322]],[[97158,435284],[15156,-785],[6969,6583],[6630,-5315],[4127,-21743],[6225,-4892]],[[280108,514525],[-8931,7610],[744,-14193],[7646,-4832]],[[266914,541945],[9337,10087],[3248,14616]],[[279499,566648],[9405,3624]],[[288904,570272],[8186,785],[2707,-16549]],[[235791,720118],[-1759,-11778]],[[234032,708340],[-4804,-3442]],[[222463,710031],[744,11355]],[[223207,721386],[8119,-1812]],[[225575,535423],[812,-11778]],[[226387,523645],[-4398,1329],[-13058,-16307]],[[208931,508667],[-1083,-4893]],[[207848,503774],[-7172,15643],[474,10147]],[[201150,529564],[10352,4288],[3653,9362]],[[215155,543214],[1286,181]],[[216441,543395],[9134,-7972]],[[279499,566648],[-1353,9543]],[[278146,576191],[-474,4046]],[[277672,580237],[5616,4832]],[[283288,585069],[5616,-14797]],[[96549,742042],[6631,-3564],[338,-8576]],[[103518,729902],[-10352,-7248],[9946,-20716]],[[106495,695415],[-2842,-10811]],[[93505,696683],[-4669,13348]],[[88836,710031],[-879,16006],[-12585,-846]],[[75372,725191],[-1624,14918]],[[73748,740109],[8796,10811]],[[74019,308087],[-2030,-9543],[5819,121]],[[77808,298665],[-3113,-15764]],[[55413,298725],[18606,9362]],[[370433,797668],[1015,-9301]],[[371448,788367],[-4804,-5255]],[[355074,755571],[-10013,966]],[[345061,756537],[-10082,30139]],[[334979,786676],[-1285,10992],[4804,10026]],[[338498,807694],[16305,-5919],[3586,7731]],[[358389,809506],[12044,-11838]],[[122395,596061],[-6834,15764],[-6359,-11113]],[[109202,600712],[-5075,1933]],[[104127,602645],[-1353,3805]],[[102774,606450],[744,14978],[9472,-6704],[-3112,15039]],[[109878,629763],[14006,-8093]],[[119824,263151],[14479,-8274]],[[134303,254877],[1150,-13106]],[[135453,241771],[-13938,-10208]],[[115832,253850],[3992,9301]],[[160893,351029],[-4060,-12260],[4398,-7006],[-5210,-9241],[4872,-9603]],[[160893,312919],[-9202,-2356],[-3721,-9241]],[[147970,301322],[-2097,3745],[-14006,-4047]],[[131867,301020],[3248,14858],[-4533,11294]],[[130582,327172],[8728,6886],[1488,15703],[11367,0],[-1286,10811]],[[150879,360572],[4331,3382],[5683,-12925]],[[109878,629763],[-1421,23978]],[[182408,260615],[-8457,5919],[-7713,-15704],[-4871,-18602]],[[161367,232228],[-8120,10388]],[[153247,242616],[-5277,22649]],[[147970,265265],[-5007,7369],[6090,24883]],[[149053,297517],[4600,-13408],[-3585,-9482],[16238,-3080],[5345,7428],[4736,-9120],[8931,-543]],[[226387,523645],[2097,-23495]],[[228484,500150],[-12923,3081]],[[215561,503231],[-6630,5436]],[[150406,420305],[609,-7127],[23883,-845],[16374,6281]],[[191272,418614],[-2707,-12683],[-13058,-20596]],[[175507,385335],[-8660,-6946],[-2503,7369],[-6157,-2295],[-2233,-10691],[5886,-7912],[5548,1873]],[[167388,366733],[-6495,-15704]],[[150879,360572],[-3924,13892],[-3180,25729],[-5142,9543]],[[138633,409736],[10352,2114],[-5074,11837],[6495,-3382]],[[194316,667693],[-7171,-4288]],[[166847,676148],[11028,6765],[6293,9120]],[[184168,692033],[11569,1087]],[[135453,241771],[12246,-2356]],[[147699,239415],[-2638,-17998],[2571,-9664]],[[147632,211753],[-9269,5798],[-10014,61]],[[213329,630850],[-2368,19509]],[[224289,649694],[-1556,-18481]],[[222733,631213],[-1759,-5557],[-7645,5194]],[[39716,657425],[-1083,-2657]],[[38633,654768],[-6157,7610],[-744,13348]],[[31732,675726],[7781,-11053],[203,-7248]],[[651353,218276],[-2639,2476],[-18606,-16488],[-5751,-20958],[4059,-20535]],[[628416,162771],[-1218,-5315]],[[627198,157456],[-23410,-6825]],[[603788,150631],[-7104,27602],[4736,-2356],[-1962,13590],[-8525,12743],[14479,4591],[4398,18300],[-14276,2053]],[[595534,227154],[5277,14315],[-4127,7127]],[[596684,248596],[15020,34849],[-15764,8516],[1150,8395]],[[597090,300356],[5548,15341],[4872,1087]],[[607510,316784],[-3451,-7670],[10893,-5496],[541,-12020],[8119,-2597],[10014,-15884],[12855,-14375],[135,-30319]],[[646616,228423],[4737,-10147]],[[714140,266775],[-7645,-1268],[-6766,8939],[-9473,3684]],[[690256,278130],[-2706,26273]],[[687550,304403],[14005,-10087],[13532,-2959]],[[515290,514404],[68,6282]],[[515358,520686],[5074,-5980],[10691,-1026],[473,-13288]],[[531596,500392],[-1894,-11113],[-8931,-4167],[-10149,1268]],[[510622,486380],[-338,483]],[[510284,486863],[0,2658]],[[510284,489521],[9540,11233],[-4534,13650]],[[408592,222927],[-3247,13951]],[[881393,303134],[-13600,-38231],[3519,-11959]],[[834776,258017],[-14141,3020],[-12043,-14012],[-5210,14616]],[[816440,275835],[5075,25487],[4398,-3503],[5209,13227],[8255,1752],[-3586,9905]],[[835791,322703],[31326,-9965],[4668,12683],[948,-14375],[10284,-3201],[-1624,-4711]],[[500000,206197],[270,-1933]],[[479431,220390],[-270,10569]],[[479161,230959],[879,2537]],[[480040,233496],[6631,-14797],[6292,-725],[7037,-11777]],[[723071,196473],[-2977,-10268],[8457,302]],[[728551,186507],[68,-10388]],[[728619,176119],[-2774,-6825],[-17321,-3201],[-10013,-14194]],[[698511,151899],[-1962,30139],[3315,-242],[17456,19448],[5751,-4771]],[[432747,118077],[1082,-3805]],[[420365,70846],[-10284,966],[-1692,8758],[-13464,-19871]],[[394925,60699],[406,21804]],[[395331,82503],[3857,23917],[-5481,15824]],[[393707,122244],[11232,9543],[1082,10207]],[[406021,141994],[4804,2778]],[[420162,170200],[-203,6583]],[[419959,176783],[9946,8456],[-4060,11838],[4804,-182]],[[492692,549314],[5548,-5134],[4872,4409]],[[503112,548589],[3383,-7610]],[[506495,540979],[406,-6764]],[[506901,534215],[-880,-2779]],[[506021,531436],[-9607,-8274]],[[496414,523162],[-5075,9180]],[[491339,532342],[-4601,10570]],[[486738,542912],[5954,6402]],[[440189,776952],[-6157,-18180],[-8051,362],[-1827,-6945],[2909,-15462]],[[427063,736727],[-3653,10388],[-9608,-1268],[-6022,-6583]],[[407780,739264],[-9472,2959]],[[398308,742223],[-5074,11053]],[[393234,753276],[9269,-1752],[-7443,14798],[5684,3503],[16982,-10087],[8390,9422],[744,9422],[7713,5980]],[[434573,784562],[4939,-1450]],[[439512,783112],[677,-6160]],[[516982,554569],[9066,-10932]],[[526048,543637],[-5007,-11355]],[[521041,532282],[-5006,5134],[-9134,-3201]],[[506495,540979],[10487,13590]],[[384979,111192],[-6021,-9422],[-10961,-1450]],[[367862,100501],[-3519,20354]],[[364343,120855],[6360,10811],[-4533,7188],[4533,9120],[11435,7791]],[[382138,155765],[2368,-7973],[-4533,-11777],[5006,-24823]],[[491745,522739],[4669,423]],[[506021,531436],[-473,-7127]],[[505548,524309],[-1963,-15401]],[[503585,508908],[-9878,1993]],[[493707,510901],[-1962,11838]],[[408389,799178],[1962,-6342]],[[410351,792836],[-2571,-9120],[-14343,-4167]],[[393437,779549],[-2301,2838]],[[391136,782387],[-1082,9845],[9946,181],[1691,12744],[-8660,8214]],[[393031,813371],[10555,-1268],[4803,-12925]],[[395331,82503],[-10690,-6342],[-13058,2114]],[[384979,111192],[8728,11052]],[[491745,522739],[-947,1389]],[[490798,524128],[541,8214]],[[577943,259165],[-1489,-18059]],[[576454,241106],[-12720,9785],[-10352,-11476],[-6360,19327],[5548,12019],[16645,-13468],[8728,1872]],[[632002,403938],[-10622,-6946],[7307,-2597],[-2233,-6221],[-19486,-12986],[68,-6341],[-9269,-14798],[-1083,-18904],[-6698,-8093],[7104,-26696]],[[596684,248596],[-10961,3382],[-7780,7187]],[[576454,241106],[-9946,-33641],[-3112,-1087],[-6969,16126],[4263,12200],[-11570,-9905],[4059,-7369],[-12314,-16730]],[[540865,200700],[5143,13529],[67,22227],[-10216,7066],[-12247,-16549],[2233,-13529],[-5074,-10026],[1015,-15461],[7983,4952],[9202,-5073]],[[538971,187836],[13329,-8939],[8863,13106],[6022,-1087],[18132,-16488],[-20771,-18361],[-10893,8395],[2706,-18663],[9405,-3322],[1083,12261],[5006,1027],[1624,-16911],[8254,-23676]],[[581731,115178],[-5412,-15522],[-12314,3201],[-12179,-10087]],[[551826,92770],[-5751,5496],[-1624,23676],[-1759,-7247],[-8863,-3201],[-2097,14616],[6427,3140],[7510,-4650],[-11772,19327],[-14547,7429]],[[500000,206197],[4127,12925],[-2910,12502],[-5006,-6583],[-7308,3563],[-7104,15099]],[[481799,243703],[20569,-1691],[2571,11838],[-8322,13771],[-9067,21139],[1895,1691]],[[488903,312979],[12788,7006],[7037,-18059],[9133,4409],[13262,19086]],[[531123,325421],[676,-362]],[[531799,325059],[2639,-2960],[812,-20475],[-3113,-20414],[8728,-7248],[0,-6764],[7714,845],[-203,9724]],[[548376,277767],[14749,-9301],[10758,785],[4127,-5254],[-3180,21682]],[[574830,285679],[12044,18059],[-3857,15341],[-21921,25005]],[[561096,344084],[3044,17575]],[[564140,361659],[14412,10389],[1014,7006],[12788,28749]],[[592354,407803],[7036,664]],[[599390,408467],[10691,-5073],[7713,11475]],[[617794,414869],[14208,-10931]],[[457036,238630],[7646,-15039],[4939,-664]],[[469621,222927],[9540,8032]],[[471447,188802],[-2841,-4650]],[[447902,228664],[3654,14979],[5480,-5013]],[[813937,182521],[-3654,785]],[[502435,382678],[-270,-29293]],[[502165,353385],[-6496,-6765],[-11434,15281],[-6360,181],[-7916,-12925],[-11299,-4167]],[[475507,398502],[2977,4832]],[[478484,403334],[15223,-9302],[4669,7429],[4059,-18783]],[[443640,815123],[5818,-3926]],[[449458,811197],[-9946,-28085]],[[434573,784562],[-6969,5737],[-12719,-2114],[-4534,4651]],[[408389,799178],[13329,5556],[4127,10389]],[[425845,815123],[17795,0]],[[459742,760161],[-11299,-35272],[3180,-10811],[-2435,-20777],[-10758,-11475],[-2504,-23072]],[[435926,658754],[-12381,9543]],[[423545,668297],[-9202,11052],[1895,9724]],[[416238,689073],[1624,11234],[6901,13046],[-3045,10449]],[[421718,723802],[5345,12925]],[[440189,776952],[474,-10630],[9675,3080],[5954,-11717],[3450,2476]],[[467388,245938],[2233,-23011]],[[457036,238630],[5548,14133]],[[462584,252763],[4804,-6825]],[[366847,208492],[-3519,-13288]],[[363328,195204],[-2977,-20414],[-9675,-30018],[-9810,-21380]],[[340866,123392],[-14141,4650],[-2639,24763],[-5548,6100]],[[318538,158905],[-947,21683],[8051,2658],[0,7247],[-12922,11657]],[[538362,741196],[-10013,-3986],[1691,-13710],[-7645,-5617],[-7916,1449],[-3857,32555],[-9608,2234],[745,21562]],[[501759,775683],[15020,3382],[6495,-13529],[2165,-14434],[4398,4288],[8525,-14194]],[[414411,869118],[4398,-5979],[-7104,-12442]],[[411705,850697],[-2165,-3020],[-10352,16790]],[[399188,864467],[406,9060],[11366,3201],[3451,-7610]],[[481799,243703],[-1759,-10207]],[[462584,252763],[1962,5919]],[[479161,262245],[2638,-18542]],[[411705,850697],[2232,-3624]],[[413937,847073],[-2503,-5496],[8931,-8275],[-68,-19508],[5548,1329]],[[393031,813371],[-5819,1208]],[[387212,814579],[-3112,38232]],[[384100,852811],[15088,11656]],[[438430,579633],[-14885,2114]],[[423545,581747],[-744,967]],[[422801,582714],[-2368,16911]],[[420433,599625],[20703,7308],[2910,9120],[16170,10268]],[[460216,626321],[-338,-14375],[-20501,-29353]],[[394452,666606],[13667,-20958],[-2233,-14012]],[[405886,631636],[-9811,-9664],[-3924,-9543]],[[392151,612429],[-12111,-8939]],[[380040,603490],[-5074,4651]],[[357510,641178],[-677,10993],[5481,17152]],[[362314,669323],[20433,3202],[11705,-5919]],[[380040,603490],[5887,-1932],[-4263,-29112]],[[421718,723802],[-4127,-3141],[-9811,18603]],[[481935,881379],[4600,-3866],[-3315,-12683],[15156,-33400],[9878,8154],[-1759,-15221],[12314,846],[8119,6161],[3721,-9966],[9743,2054],[947,-423],[5480,4892],[1760,-1933],[676,363]],[[549255,826357],[1218,-21502],[-3315,-19025],[8457,-17696],[-338,-13892],[10419,-11536],[1421,-12804],[10081,-2718]],[[577198,727184],[-2300,-1147]],[[574898,726037],[-1489,-7912],[-12246,-6886],[2098,-3322]],[[563261,707917],[-6022,1269]],[[557239,709186],[-18877,32010]],[[501759,775683],[-10217,0],[-541,-7670]],[[491001,768013],[-2436,11294],[4398,3201],[-1624,13952],[-6224,-5557],[-7172,16308],[9472,7670],[-5751,11596]],[[481664,826477],[8457,17636],[-2300,14979],[-9337,13589],[1962,10630]],[[480446,883311],[1489,-1932]],[[391136,782387],[-12043,665]],[[379093,783052],[-3045,2597]],[[376048,785649],[2910,11475],[9878,4772]],[[388836,801896],[-1624,12683]],[[566305,536208],[-5345,-121],[-13938,15764]],[[547022,551851],[-10419,7851]],[[536603,559702],[-1421,6100],[10352,7852],[8796,-4832],[2300,-9180],[13126,-1872],[-3451,-21562]],[[704262,645285],[10352,-20776],[17591,-35454]],[[711637,559159],[-8864,1147],[-135,8879],[-8119,-7792],[-6834,7731],[-3789,-5496],[-13125,-1389],[3518,-28689],[-22936,181],[-8661,-8878],[609,18904],[-6563,-7127],[1692,-15944],[-8525,-5315],[0,-13952],[-6699,-3201],[-7645,-37265],[-5142,-7610]],[[610419,453343],[-11637,2959],[-7105,13167]],[[591677,469469],[-9201,19025],[1759,14737]],[[584235,503231],[-5683,10086],[9675,121],[-1895,10207]],[[586332,523645],[14006,15945],[12584,-16005],[6225,25669],[15697,21018],[5480,17394],[9269,7550],[13329,-2718],[8593,3805],[13667,21200],[3924,-4470],[2098,11657],[5142,-1570],[7916,22165]],[[508998,398200],[-13396,6825],[10419,14435]],[[506021,419460],[5345,5315]],[[511366,424775],[14276,-12925]],[[525642,411850],[-9878,-11234],[-6766,-2416]],[[422192,575949],[1353,5798]],[[570703,443377],[1962,-1812]],[[572665,441565],[541,-18361],[4466,2175]],[[577672,425379],[2030,-17334],[12652,-242]],[[564140,361659],[474,15039],[-13667,17334],[1421,10630]],[[552368,404662],[4127,39198]],[[556495,443860],[14208,-483]],[[477943,567856],[8457,-2658]],[[486400,565198],[5751,-14012]],[[492151,551186],[541,-1872]],[[486738,542912],[-14479,2597],[-2909,-3020]],[[467320,549314],[10352,8818],[271,9724]],[[442963,310201],[-6089,-25367],[-11773,1570]],[[425101,286404],[-6833,2597]],[[548376,277767],[-3248,12140],[12111,9483]],[[557239,299390],[5074,966],[12517,-14677]],[[725439,548650],[-3654,60]],[[705277,502083],[609,-8697],[22124,-1510],[-4262,-11355],[-11232,846],[-4465,5858],[-11908,-1026],[-880,-11234],[11840,-2356],[-3315,-15884],[2977,-15885]],[[706765,440840],[-15088,-845],[-2571,-11295]],[[689106,428700],[-3518,-6885]],[[685588,421815],[-5954,-1993],[-9134,9120],[-4533,-4047]],[[665967,424895],[-3451,-4227],[-9472,16186],[-8051,-8093]],[[644993,428761],[-10961,13408],[-5007,-3684]],[[629025,438485],[-9066,906],[-4398,-7248],[-5007,11234]],[[610554,443377],[-135,9966]],[[551623,611765],[1353,-13106]],[[552976,598659],[-10757,181],[-15630,-23555]],[[526589,575285],[-8660,17153]],[[517929,592438],[8052,19387],[-1692,8879],[5277,19629]],[[529566,640333],[9743,-4409],[6022,-8154],[135,-9180],[6157,-6825]],[[423545,668297],[-12855,-11657],[22665,-906],[-10148,-11536]],[[423207,644198],[-3383,-9120]],[[419824,635078],[-7375,-4107]],[[412449,630971],[-6563,665]],[[394452,666606],[2232,13831],[7984,-3805],[5074,6704],[-11231,3744],[2977,20233]],[[401488,707313],[10217,-7428],[4533,-10812]],[[500608,557286],[203,0],[2910,1269]],[[503721,558555],[-609,-9966]],[[492151,551186],[8457,6100]],[[362314,669323],[-4128,7852],[948,18784]],[[370568,694932],[5886,-4771],[-2097,11837],[4601,15462],[6766,5859],[6427,-3081]],[[392151,720238],[3924,-11656],[5413,-1269]],[[483829,581506],[-5345,-604]],[[478484,580902],[812,14072],[8254,11295]],[[487550,606269],[6022,-11717]],[[493572,594552],[-9743,-13046]],[[498173,586338],[12449,1509]],[[510622,587847],[3045,-9965]],[[513667,577882],[-9540,-4288]],[[504127,573594],[-5954,12744]],[[508998,398200],[3721,-15402]],[[512719,382798],[-10284,-120]],[[478484,403334],[4533,25789],[9946,6221],[13058,-15884]],[[629025,438485],[-9337,-10993],[-1894,-12623]],[[599390,408467],[5346,33883],[5818,1027]],[[491001,768013],[4533,-23012]],[[495534,745001],[-6631,9000],[-3788,-2235],[-17998,25548],[4601,-20233],[-11976,3080]],[[449458,811197],[13261,19146],[5413,-7429],[7375,1812],[-1624,7731],[7781,-5980]],[[433626,231805],[-2503,2356],[-1556,16246]],[[425710,272694],[-609,13710]],[[466373,127801],[-5277,-3745],[-4195,-22166]],[[454803,102917],[-3315,11355],[4398,9724]],[[455886,123996],[-1962,22105]],[[453924,146101],[9337,-3744],[3112,-14556]],[[502097,504378],[8187,-14978]],[[510284,489400],[-7578,1449],[-5548,8154]],[[497158,499003],[4939,5375]],[[774559,182460],[-31190,-8032],[-14750,1691]],[[728551,186507],[4804,4892]],[[482476,125083],[-3992,-8878],[11773,-15523]],[[488700,86429],[-19079,-4893]],[[466373,127801],[3654,-5496],[12449,2778]],[[521041,532282],[-5683,-11596]],[[515290,514404],[-9742,9905]],[[407171,587425],[-5277,-8275]],[[392151,612429],[15900,-13770],[-880,-11234]],[[406021,141994],[-17726,18180]],[[388295,160174],[1217,16609],[6902,20535]],[[404397,188863],[4466,-18482],[609,-19448]],[[962042,344265],[-18809,-72718]],[[943233,271547],[609,10448],[-11840,242],[-2910,14374],[-14682,11476],[-9539,-4349],[-609,7973],[-9067,-3684],[-4059,-7188],[-9743,2295]],[[835791,322703],[203,4651],[-12585,-1329],[-13802,4047],[1015,-13348],[-9202,1268]],[[798646,370115],[30785,-15824],[13261,-2597],[119621,-1691],[-271,-5738]],[[551826,92770],[-9066,-12683],[1353,-30320]],[[544113,49767],[-8931,-6462]],[[492625,97965],[7510,-1571],[6630,7731],[6428,-4047],[6631,12382],[-3248,11113],[-7375,1450]],[[385859,303436],[-3451,1269],[2504,2053]],[[577672,425379],[10487,6945],[-8051,19569]],[[580108,451893],[-2571,9845],[14140,7731]],[[377604,760161],[2166,-10086],[-3925,-8697]],[[375845,741378],[-9201,10509]],[[373613,761309],[3991,-1148]],[[455886,908618],[9540,-15824],[11096,3805]],[[476522,896599],[68,0],[3856,-13288]],[[443640,815123],[-5954,17334],[-11096,13348],[608,5013],[-13261,-3745]],[[414411,869118],[3451,9120],[-10555,7187],[-5210,8818]],[[402097,894243],[8254,665],[6157,-7369],[9946,-3805],[2233,19448],[20771,-25790],[5548,7188],[-11366,21984],[12246,2054]],[[452368,150933],[1556,-4832]],[[455886,123996],[-10555,4650],[-5413,10389],[-2841,-5557]],[[504127,573594],[1624,-3564]],[[505751,570030],[-5684,-4409],[3654,-6402]],[[503721,559219],[0,-664]],[[486400,565198],[947,8214]],[[487347,573412],[5413,665],[5413,12261]],[[651353,218276],[6359,-13771],[-10825,-41372],[-8390,6825],[-10081,-7187]],[[476792,570513],[1151,-2657]],[[458998,559038],[13329,13106],[4465,-1631]],[[390121,254635],[-5954,-10086],[-5412,1268]],[[378755,245817],[9201,24038]],[[388295,160174],[-6157,-4409]],[[364343,120855],[-2503,26031],[5007,-3623],[5615,40949],[-9134,10992]],[[420433,599625],[-7984,31346]],[[419824,635078],[2706,-6583],[18336,2959],[15088,-2536],[4397,5919]],[[460351,634837],[-135,-8516]],[[493234,471160],[7239,-21562]],[[500473,449598],[7916,-17213]],[[508389,432385],[2977,-7610]],[[455954,420305],[1556,9301]],[[493504,497614],[3654,1389]],[[510284,489400],[0,121]],[[510284,486863],[-5751,-2839]],[[504533,484024],[-12450,-6100]],[[492083,477924],[1421,19690]],[[606292,82805],[-11502,-3684],[-2165,-8154],[-22057,-6885],[-26455,-14315]],[[581731,115178],[8593,10750],[4872,14798]],[[595196,140726],[6224,-1269],[2368,11174]],[[627198,157456],[6428,3443],[1082,-15704],[9134,-10811]],[[723071,196473],[-1353,4650]],[[721718,201123],[10216,363]],[[572665,441565],[7443,10328]],[[473680,9845],[-5616,-1691],[-15832,4046],[-12923,-12200],[-6427,1389]],[[432882,1389],[3992,11113],[-68,19690],[-5413,18300]],[[548646,409494],[3722,-4832]],[[561096,344084],[-6563,-12080]],[[554533,332004],[-22734,-6945]],[[531123,325421],[-3180,785],[-13059,32071]],[[514884,358277],[-2165,24521]],[[525642,411850],[15562,-6161],[7442,3805]],[[392151,720238],[2030,4168]],[[394181,724406],[-947,9784]],[[393234,734190],[5074,8033]],[[393234,753276],[-3857,10569]],[[389377,763845],[4060,15704]],[[502165,353385],[12719,4892]],[[458389,597571],[14141,-11415],[-4601,-7187],[-11975,13710],[2435,4892]],[[466779,668116],[-8931,-9000],[5413,-5435],[-7646,-10812],[-9472,1752],[-12043,-3624],[-3925,-6100],[-6968,9301]],[[435926,658754],[6022,7852],[12855,2778],[8255,8033],[3721,-9301]],[[352706,109923],[-1827,7791],[-10013,5678]],[[396075,246844],[-3721,-9905]],[[392354,236939],[-4939,-3926],[-9202,4288]],[[378213,237301],[-1150,8516]],[[377063,245817],[1692,0]],[[739986,257474],[-3180,-10630]],[[739377,235610],[3247,-12019]],[[721718,201123],[-3789,12502],[-7240,10208],[8390,2717],[-4262,10328],[4330,8094],[-3721,9120]],[[393234,734190],[-10217,-3140],[-7172,10328]],[[377604,760161],[1963,5979]],[[379567,766140],[6630,242]],[[386197,766382],[68,-13408],[-4127,-19448],[11096,19750]],[[381935,224799],[-3722,12502]],[[392354,236939],[5886,-15220],[-6833,-12805]],[[379093,783052],[474,-16912]],[[371448,788367],[4600,-2718]],[[557239,299390],[2639,12623],[-5819,9663],[474,10328]],[[407171,587425],[15630,-4711]],[[400541,210062],[8051,12865]],[[408863,195204],[11096,-18421]],[[570703,443377],[-609,16488]],[[570094,459865],[3315,7007],[-3247,14012],[-6022,5979]],[[564140,486863],[12449,1208],[6969,5255],[677,9905]],[[396211,898773],[5886,-4530]],[[384100,852811],[-19824,-15522]],[[362314,857824],[7036,26333],[8052,5919],[6630,18119],[5277,906],[-1014,-7187],[7916,-3141]],[[999999,491030],[-37957,-146765]],[[795940,508244],[17117,-1329],[140054,-11717],[46888,-4168]],[[595534,227154],[-14005,-9301],[6968,-11536],[-3518,-9482],[812,-12865],[4466,-1691],[-3316,-20595],[8255,-20958]],[[538971,187836],[1894,12864]],[[689106,428700],[8525,-18300],[8728,-39258],[1692,-16730]],[[708051,354412],[-5413,-8033],[-8999,-2174],[-1353,-17697],[-14208,-2959],[-880,-10328]],[[677198,313221],[-16170,21743]],[[661028,334964],[-6360,11294],[-271,19388],[4939,4590]],[[659336,370236],[18539,-7912],[12381,12864],[3992,33702],[-8660,12925]],[[557239,709186],[-4601,-2597],[-3518,8757],[-6428,-9905],[-13870,-6160],[-2774,-7127]],[[526048,692154],[-5616,19810],[-11366,-5073]],[[509066,706891],[-10555,845],[-2706,14194],[-6022,1630],[-4939,15522],[10690,5919]],[[677198,313221],[7849,362],[2503,-9180]],[[690256,278130],[-6427,-23253]],[[683829,254877],[-23748,-20294],[-13465,-6160]],[[607510,316784],[6021,-60]],[[613531,316724],[18945,-17153],[9946,15341]],[[642422,314912],[2232,6764],[6563,-2657],[9811,15945]],[[715223,254877],[-11705,-25609],[-5210,3322],[-14479,22287]],[[481732,141753],[744,-16670]],[[464276,169294],[6698,-967],[11028,-13529]],[[371312,718487],[12179,12321],[10690,-6402]],[[513667,577882],[-2301,-12563]],[[511366,565319],[-5615,4711]],[[539918,434076],[5345,14254],[11232,-4470]],[[548646,409494],[-11637,10026],[2909,14556]],[[548917,508183],[3924,-17092]],[[552841,491091],[-6766,-10630]],[[546075,480461],[-1962,-9120],[-6698,-4651],[-17118,4047],[-1218,-3684]],[[519079,467053],[-10216,11052],[1759,8275]],[[531596,500392],[10961,-7066],[6360,14857]],[[386197,766382],[3180,-2537]],[[394925,60699],[8322,-18421],[20772,3564]],[[432882,1389],[-6360,-1389],[-32138,19810],[-31461,6463]],[[616441,342393],[16373,-12261],[9608,-15220]],[[613531,316724],[5684,19870],[-2774,5799]],[[488024,520927],[-17727,14798]],[[490798,524128],[-2774,-3201]],[[570094,459865],[-12855,14919],[-4060,-1692]],[[553179,473092],[-7104,7369]],[[552841,491091],[11299,-4228]],[[517929,592438],[-10081,4469],[2774,-9060]],[[498173,586338],[-4601,8214]],[[487550,606269],[-1150,15220],[8051,3805],[1557,8335],[8660,181],[7848,15703],[3316,15764]],[[515832,665277],[3992,2235]],[[519824,667512],[5006,-14073],[-7239,-785],[11975,-12321]],[[487753,681705],[-5277,-8516],[1218,-9301]],[[483694,663888],[-5007,-5919],[3248,-11234],[-9608,-7852],[-11976,-4046]],[[466779,668116],[17794,18844],[3180,-5255]],[[644993,428761],[5954,-6523]],[[650947,422238],[-3857,-10207]],[[647090,412031],[-5954,1027],[-6089,-12201]],[[635047,400857],[-3045,3081]],[[563261,707917],[4803,-7670]],[[568064,700247],[-879,-20716]],[[567185,679531],[5683,-16791],[1962,-16428],[-7510,-16307],[-7104,-5919],[5751,-3080],[-880,-15160],[-13464,5919]],[[519824,667512],[203,16428],[6021,8214]],[[487347,573412],[-3518,8094]],[[708051,354412],[7578,-4591]],[[715629,349821],[338,-29292],[3924,-4651],[-1556,-18904]],[[488024,520927],[2503,-8939]],[[490527,511988],[-12720,1269],[-5548,-7973],[14073,-4892]],[[486332,500392],[339,-2355]],[[486671,498037],[-17795,-12140]],[[586332,523645],[-6766,8093]],[[579566,531738],[12720,24461]],[[592286,556199],[6157,-4832],[3992,13831],[-2909,7550],[17726,21441],[-5074,9301],[17591,302],[6293,23978]],[[636062,627770],[9134,7369],[9675,10328],[1488,-4651],[10961,19569],[4263,-1027],[11772,11475],[3654,-1026],[8119,15643],[6630,-1450],[5548,7127],[10352,-15764],[677,-12321],[-14209,-4650],[-5277,-8516],[5413,-4591]],[[548917,508183],[9878,15704],[6901,422],[609,11899]],[[566305,536208],[3789,2959],[9472,-7429]],[[493707,510901],[-3180,1087]],[[504533,484024],[2435,-17334],[-6021,-7429],[-474,-9663]],[[491745,477441],[338,483]],[[723680,349640],[-541,-18904],[6698,-19931],[-5616,-15039]],[[715629,349821],[8051,-181]],[[706765,440840],[5007,-17334],[11096,-2114],[7781,-5979]],[[547022,551851],[-19688,1026],[-1286,-9240]],[[516982,554569],[1353,7428],[8390,786],[1556,5979]],[[528281,568762],[8322,-9060]],[[508389,432385],[11435,8455],[1623,-10026],[5954,-1630],[2233,11898],[4466,241]],[[534100,441323],[5818,-7247]],[[486671,498037],[4871,-242]],[[491542,497795],[1962,-181]],[[943233,271547],[-1218,-4651]],[[359607,258259],[17456,-12442]],[[476792,570513],[1692,10389]],[[509066,706891],[-203,-20837],[-3586,-13227],[-14479,2234],[-3045,6644]],[[195737,434257],[-14817,14797],[-3721,-3503]],[[175575,451833],[17862,8274]],[[193437,460107],[676,-20173],[2842,1812]],[[207781,768979],[-2166,-5073]],[[205615,763906],[-1623,20233],[-8119,8093]],[[195873,792232],[7713,15462],[6563,604]],[[210149,808298],[2232,-15039],[16644,-6583]],[[361975,828591],[-5683,-1872]],[[356292,826719],[-4195,362]],[[352097,827081],[338,7550]],[[77875,639729],[-3518,-14012]],[[212990,338346],[-7780,-7006],[-7375,-15583],[0,-60]],[[197835,315697],[-16577,4409],[-19012,181],[-1353,-7368]],[[167388,366733],[8119,18602]],[[191272,418614],[2909,242]],[[170230,502083],[6292,8818],[4533,-2536],[5481,-20717]],[[186536,487648],[-8119,-3986],[-3383,3805]],[[88836,710031],[-2706,-2114]],[[75034,722956],[338,2235]],[[232408,424956],[5616,1027]],[[238024,425983],[6698,-10147],[-4736,-7369]],[[239986,408467],[-6563,2175]],[[214952,574681],[-1150,-10026],[-6157,-6765]],[[207645,557890],[-4533,11657]],[[203112,569547],[8119,13469]],[[214005,583197],[947,-8516]],[[244452,311590],[3789,-6100]],[[250270,299390],[-5277,-8275],[5007,-27299]],[[250406,260433],[-3180,-14676],[-8931,-8395],[-1895,-11295]],[[199459,258863],[16576,14073],[271,7549],[-7646,23314]],[[208660,303799],[5683,3382],[16780,-1631],[2639,7791],[10690,-1751]],[[150406,420305],[8660,12200]],[[316779,639064],[-13396,-1208]],[[303383,637856],[3518,4772],[-812,15703],[6495,12502]],[[312584,670833],[1759,2537]],[[314343,673370],[7849,-13831]],[[322192,659539],[338,-19025]],[[322530,640514],[-5751,-1450]],[[375913,815243],[-4127,-7428]],[[371786,807815],[-5481,2657],[9608,4771]],[[206427,551669],[68,-120]],[[206495,551549],[-1353,-6523],[-541,-181],[-745,60],[0,121],[-135,-121],[0,-60],[-2571,-15281]],[[207848,503774],[-5751,-5375]],[[202097,498399],[-5954,2416],[-4195,-14496]],[[191948,486319],[-5412,1329]],[[159066,487044],[-3045,20475]],[[156021,507519],[1218,14012]],[[157239,521531],[7646,3141],[2300,20535]],[[196482,560910],[3247,-11596],[6698,2355]],[[199662,745183],[7239,-11597]],[[206901,733586],[-7578,-14495]],[[199323,719091],[-13667,2718],[-6901,18119]],[[178755,739928],[406,8033]],[[63058,250045],[-12449,-6100]],[[39783,254212],[3519,7067],[-1556,10751]],[[41746,272030],[9607,-10751],[4127,7972]],[[279093,645587],[9946,-3503]],[[289039,642084],[-12179,-20776]],[[276860,621308],[-135,10750],[-5886,-2778],[1691,-11657],[-541,-120],[-3992,-846]],[[267320,630548],[5616,19509],[-338,-14133],[6495,9663]],[[213329,630850],[-5684,-966],[-1556,-10932],[-4533,5979],[-8999,-1691]],[[192557,623240],[-3112,10993],[-6901,-6040]],[[182544,628193],[-8322,13650]],[[207645,557890],[-1218,-6221]],[[197835,568158],[5277,1389]],[[147632,211753],[2436,-9845],[-6157,-24159],[-6293,-43123]],[[137618,134626],[-17456,17153]],[[131867,301020],[-2097,-241]],[[129770,300779],[-6428,-1812]],[[123342,298967],[0,3986],[-24154,0]],[[99188,302953],[4601,14012]],[[103789,316965],[9066,17757],[-812,10449]],[[112043,345171],[10961,-5979],[7578,-12020]],[[321177,732499],[-18945,-21260]],[[302232,711239],[-12516,-5194]],[[289716,706045],[-10217,9422]],[[279499,715467],[-541,34125]],[[278958,749592],[7781,-16489],[7036,11898],[21245,-181],[6157,-12321]],[[249526,662619],[10487,8879],[7375,-8456]],[[267388,663042],[-68,-12744],[-5209,-2718]],[[236874,561575],[-18471,9301]],[[218403,570876],[-3451,3805]],[[219012,595880],[7713,1269],[5142,-9785]],[[250135,477320],[-2436,6100]],[[247699,483420],[-10622,3805]],[[237077,487225],[879,2779]],[[237956,490004],[2977,5496]],[[306833,792594],[14750,-22588],[13396,16670]],[[345061,756537],[-7646,-6281],[-6495,2778],[-6157,-10147],[4059,-8516],[-7645,-1872]],[[288836,177810],[4127,4409],[1624,-13167],[5819,846],[-203,-10751]],[[344858,849428],[-474,-14857]],[[344384,834571],[-6428,-12925]],[[337956,821646],[-5548,7006]],[[343978,850636],[880,-1208]],[[312584,670833],[-2841,5497]],[[309743,676330],[7577,14012],[12044,7549]],[[328484,685027],[-14141,-11657]],[[239986,408467],[4263,-6825]],[[223613,468563],[-3248,7851]],[[220365,476414],[-2097,13348]],[[218268,489762],[8389,2476],[3180,-11837]],[[229837,480401],[-338,-9241]],[[229499,471160],[-5886,-2597]],[[157036,434619],[-4465,19630],[-1353,17515]],[[112043,345171],[-8795,14133],[-8458,423]],[[94790,359727],[-5819,5315]],[[88971,365042],[5954,1389],[7578,37144],[-1827,3805]],[[136265,409132],[2368,604]],[[244452,311590],[-9270,22649]],[[208660,303799],[-10081,4469],[-744,7429]],[[303383,637856],[-6428,3202]],[[296955,641058],[-271,20716],[-3586,7368]],[[293098,669142],[3857,11053]],[[296955,680195],[11570,3624]],[[308525,683819],[1218,-7489]],[[165358,676148],[1218,7973]],[[166576,684121],[3925,11536],[6562,5073]],[[177063,700730],[7105,-8697]],[[194249,839825],[-2030,-3382]],[[192219,836443],[-3045,-5255],[9202,-8032],[1286,-21864],[-8999,6221],[-5278,-3020],[1151,22468],[-9879,-12382],[-8863,7489]],[[152233,834571],[-2301,5737],[1218,9120],[10081,22227],[2910,1026],[7239,-3382],[18403,5315],[4195,-4107],[271,-30682]],[[104127,602645],[-7172,-26031],[-9201,-4832]],[[87754,571782],[6360,24702],[8660,9966]],[[199323,719091],[-6698,-12623],[1150,-5738]],[[177063,700730],[-4194,17757],[5886,21441]],[[322598,623240],[9743,-9542],[-4466,11415],[6225,5073]],[[327334,605000],[-677,-8999],[-7172,-9663],[-10216,3744],[-5751,12321]],[[303518,602403],[13058,5738],[-2503,9543],[8525,5556]],[[248444,719816],[-1624,-484]],[[246008,718910],[-5954,1932]],[[219215,750256],[-1083,4469]],[[149053,297517],[-1083,3805]],[[162652,108776],[-25034,25850]],[[147632,211753],[5886,1027],[7849,19448]],[[126455,565138],[5345,-8093],[6901,4530],[-9811,-14858],[11435,-23495]],[[140325,523222],[-4398,-10509],[6969,-6402]],[[142896,506311],[-2436,-18180],[3856,-22045],[-10622,-4107]],[[133694,461979],[-7307,6644],[-8863,-3080],[-3180,9482],[-6834,-5979],[12382,-7912],[2232,-7550],[-9540,-1691]],[[112584,451893],[3722,6946],[-13870,8093]],[[102436,466932],[2638,4771],[-1962,15100],[-6224,-13348]],[[96888,473455],[-18133,11234]],[[78146,540798],[4060,-1268]],[[82206,539530],[8592,-9785],[3992,-10388],[6022,22890],[13802,18482],[-406,16730]],[[114208,577459],[4533,-1510]],[[139919,705139],[-3180,-7852],[12787,-9361],[7510,8757],[9540,-12562]],[[125440,705985],[11569,7006]],[[137009,712991],[2910,-7852]],[[182544,628193],[-609,-27421]],[[181935,600772],[-203,-4046]],[[181732,596726],[-19757,12140],[-2232,11113]],[[228890,700911],[2165,-12260]],[[285656,832034],[9946,12321],[7239,-14254],[9608,-2899]],[[215561,503231],[-5209,-16066]],[[210352,487165],[-3925,-4590]],[[206427,482575],[-4330,15824]],[[157239,521531],[-4465,11898],[-10149,-10388],[-2300,181]],[[150947,612550],[1692,-22468],[11096,-12623],[5277,-16126]],[[181732,596726],[9810,-17334]],[[191542,579392],[1083,-7791]],[[265291,242012],[-1692,-18481],[6360,4650],[-1691,-8878],[11434,1329],[-3315,-12563],[-14073,-5677]],[[262314,202392],[-6022,845],[-4939,13167],[-12314,-1691],[-1556,-8154]],[[247699,483420],[-2165,-26756],[-3721,-3261]],[[241813,453403],[-7442,5798],[-4872,11959]],[[229837,480401],[7240,6824]],[[252503,637132],[-6360,-1389],[-203,-14858]],[[245940,620885],[-8254,-2295],[-4669,8455]],[[233017,627045],[406,17153]],[[249323,663767],[203,-1148]],[[276860,621308],[-609,-16127]],[[153247,242616],[-5548,-3201]],[[134303,254877],[13667,10388]],[[350473,856978],[1286,-362]],[[351759,856616],[-1759,-13831]],[[350000,842785],[-1624,-1873]],[[348376,840912],[-3383,8698]],[[344993,849610],[5480,7368]],[[356292,826719],[4668,-6342]],[[360960,820377],[-2571,-10871]],[[338498,807694],[-271,6583]],[[338227,814277],[0,4590]],[[338227,818867],[13870,8214]],[[191542,579392],[17253,8214]],[[156021,507519],[-7104,7006],[-6021,-8214]],[[74492,588874],[9946,-16730]],[[84438,572144],[-2571,-4107],[339,-28507]],[[49053,536812],[3789,17575],[3789,423],[-3857,21743],[-6495,20596],[744,5133]],[[47023,602282],[7781,-9663],[19688,-3745]],[[337956,821646],[271,-2779]],[[338227,814277],[-20365,-13348],[-6360,0]],[[108187,717883],[2841,-3986]],[[103518,729902],[4669,-12019]],[[362720,828048],[-1760,-7671]],[[277672,580237],[-9404,-2536]],[[268268,577701],[1691,12864]],[[276590,594733],[6698,-9664]],[[38633,654768],[-1150,-8214]],[[37483,646554],[-7578,-1389],[-10352,9784],[-2097,15764]],[[218268,489762],[-7916,-2597]],[[228484,500150],[5142,3504],[4330,-13650]],[[262720,458597],[-203,-29595]],[[262517,429002],[-24493,-3019]],[[238024,425983],[3383,3261],[406,24159]],[[241069,704354],[-7037,3986]],[[241542,550341],[1218,-7852]],[[242760,542489],[-17185,-7066]],[[216441,543395],[1962,11959]],[[218403,555354],[4330,-4832],[14141,11053]],[[236739,561333],[4803,-10992]],[[53112,654103],[-270,5738],[-13126,-2416]],[[49391,687805],[11028,-8939]],[[95061,771939],[11908,-242]],[[106969,771697],[-136,-18119],[14682,-967],[136,-12864],[15764,-12200]],[[137415,727547],[136,-4591]],[[137551,722956],[-542,-9965]],[[122869,713655],[2300,19025],[-7578,4530],[-1353,-10871],[-8051,-8456]],[[90257,770368],[4804,1571]],[[279093,645587],[3045,13348]],[[282138,658935],[10960,10207]],[[296955,641058],[-7916,1026]],[[206427,482575],[4195,-12986]],[[210622,469589],[271,-845]],[[193437,460107],[2842,15522],[-4331,10690]],[[302232,711239],[4669,-6945]],[[306901,704294],[1624,-20475]],[[296955,680195],[-7239,25850]],[[262314,202392],[-406,-12563],[-7037,1087],[-3856,-13106],[-3316,10992],[-7104,-5134],[10149,-17696],[-2706,-3986]],[[286874,418614],[-6901,3805]],[[279973,422419],[3044,25186],[-1285,9784]],[[278146,576191],[-8525,-4470],[-3586,-14374]],[[265020,572990],[3248,4711]],[[279499,715467],[-12585,-14375],[-9133,-1872]],[[257781,699220],[-4940,1872],[-7374,-7851]],[[245467,693241],[-2774,8335]],[[77875,270157],[16171,7610],[744,242]],[[94790,278009],[4533,-12563],[14750,-14374]],[[114208,577459],[-6766,18602],[1760,4651]],[[245467,693241],[-6293,-10751]],[[218809,451470],[4804,17093]],[[103789,316965],[-12855,10147],[-5413,10388],[4465,1631],[4804,20596]],[[129770,300779],[6630,-15160],[-11434,-12925]],[[124966,272694],[-5413,-1570],[-10487,12985]],[[109066,284109],[14276,14858]],[[322530,640514],[68,-17274]],[[303518,602403],[-8457,2175],[-2436,11596],[2571,8757],[7781,3745],[9540,-8878],[4262,19266]],[[337956,685389],[-2571,-1570],[-6698,-22589],[-6495,-1691]],[[124966,272694],[-5142,-9543]],[[94790,278009],[9811,3080],[4465,3020]],[[306901,704294],[1827,4892],[16711,2899]],[[181935,600772],[12923,11416]],[[194858,612188],[3315,-906]],[[220365,476414],[-9743,-6825]],[[206901,733586],[16306,-12200]],[[352435,834631],[-5142,181]],[[347293,834812],[1083,6100]],[[350000,842785],[2232,-182]],[[279973,422419],[-17456,6583]],[[247835,547985],[-6293,2356]],[[248917,597934],[-744,4952]],[[261840,588693],[-8322,-2295]],[[245940,620885],[2233,-8939]],[[194858,612188],[-2301,11052]],[[222733,631213],[10284,-4168]],[[192219,836443],[7848,-7852],[9743,-16549],[339,-3744]],[[195873,792232],[-10758,7127],[-338,-12200]],[[182273,784924],[-15561,15401],[-5819,-10750]],[[160893,789575],[-8119,-1027]],[[152774,788548],[5616,11657],[-10691,11535]],[[95805,299571],[2436,-15220],[-3451,-6342]],[[77808,298665],[9743,1389],[-677,7489],[6834,302],[2097,-8274]],[[84438,572144],[3316,-362]],[[351759,856616],[8187,1449]],[[301015,205955],[-9067,-12321],[-6766,1751]],[[218403,570876],[0,-15522]],[[215155,543214],[-8660,8335]],[[396211,898773],[3180,15824],[-5278,3624],[203,10992],[4872,14435]],[[420162,977531],[4939,-4650],[11231,604],[10961,-6403],[7849,-20716],[3721,-22649],[10758,-9784],[6901,-17334]],[[556495,443860],[-5684,9241],[2368,19991]],[[515832,665277],[-21381,-3805],[-10757,2416]],[[344993,716796],[-2774,17575],[4736,12020],[7104,-604],[6292,8032]],[[502097,504378],[1488,4530]],[[370433,797668],[1353,10147]],[[375913,815243],[12923,-13347]],[[95805,299571],[3383,3382]],[[267388,663042],[14750,-4107]],[[257781,699220],[-136,-20475],[-11772,-6160]],[[347293,834812],[-2909,-241]],[[344858,849428],[135,182]],[[205210,759618],[405,4288]],[[72530,612550],[1962,-23676]],[[47023,602282],[4330,1873],[-4195,13952],[339,4590]],[[47497,622697],[2300,-604]],[[308998,154496],[9540,4409]],[[137551,722956],[11569,3805],[5954,-20172],[-6495,-5013],[-8660,3563]],[[41746,272030],[-8187,23071],[16779,7671]],[[74019,308087],[2571,11777],[-4330,-845],[-5142,29353],[21109,5436],[744,11234]],[[61908,753699],[0,-242],[3315,-16066],[8525,2718]],[[60690,719695],[-6698,1993]],[[47158,737814],[7104,10328],[7646,5557]],[[534100,441323],[879,12926],[-4939,4167],[-609,664],[-10352,7973]],[[491542,497795],[-5210,2597]],[[119080,769281],[5818,-1389],[6969,-3201],[-406,-11838]],[[131461,752853],[-4668,8395],[-5210,-7429],[-4736,7067],[2233,8395]],[[131461,752853],[7172,-5315]],[[138633,747538],[-1218,-19991]],[[106969,771697],[4465,3322],[7646,-5738]],[[254127,582593],[9066,-1087],[744,-7067]],[[526589,575285],[1692,-6523]],[[503721,559219],[8119,-1087],[-474,7187]],[[665967,424895],[3653,-13468],[-1150,-13590],[-14073,-7127],[4939,-20474]],[[616441,342393],[-3519,2959],[11299,10932],[3451,-6040],[9337,18421],[676,14194],[-6562,3624],[6562,7368],[-2638,7006]],[[647090,412031],[11164,-6161],[3653,12321],[-10960,4047]],[[641948,365464],[-5413,-3865],[5616,-7550],[-203,11415]],[[567185,679531],[19689,-25005],[6360,-1751],[-6428,-5617],[12517,-7006],[8998,-22287],[12179,9362],[10014,-4107],[5548,4650]],[[592286,556199],[-7713,4530],[-2233,18180],[-4939,3261],[-3383,-7852],[-11975,7973],[4195,8939],[-12044,2476],[-1218,4953]],[[600947,617080],[-9608,-14435],[5413,-2839],[4195,17274]],[[438836,545026],[-3383,3140]],[[47497,622697],[-10014,23857]],[[352435,423506],[-11028,-845]],[[338971,417527],[136,-1691]],[[97158,435284],[8458,18240],[5818,-2718]],[[111434,450806],[17050,3805],[5210,7368]],[[138633,747538],[5075,2899]],[[156563,749350],[1285,10147],[9608,10448]],[[160893,789575],[1691,-10510],[-7577,-10509],[-3451,15402],[1218,4590]],[[111434,450806],[1150,1087]],[[102436,466932],[-1827,785],[-3721,5738]],[[398511,467959],[-203,-2718]],[[398308,465241],[-3248,-4772]],[[398985,456060],[-677,9181]],[[398511,467959],[4669,-2295]],[[698511,151899],[-12517,-9240],[-8457,-13771],[2232,-8456],[-12584,-7972],[-1827,-6885],[-16712,-4107]],[[562246,827987],[3383,-5254],[10825,-1691],[3924,-484],[1962,-16005],[5210,-43546],[-10352,-33823]],[[549255,826357],[4398,2114],[8593,-484]],[[574898,726037],[2165,-5617],[-3857,-18059],[-5142,-2114]]],"transform":{"scale":[0.000004684904238605311,0.000003011181069630018],"translate":[-98.55261415546076,15.658221121984274]},"objects":{"municipalities":{"type":"GeometryCollection","geometries":[{"arcs":[[0,1,2]],"type":"Polygon","properties":{"cvegeo":"20453","nombre":"Santiago Astata"}},{"arcs":[[3,4,5,6,7]],"type":"Polygon","properties":{"cvegeo":"20413","nombre":"Santa María Huatulco"}},{"arcs":[[8,9,10,11,12,13,14]],"type":"Polygon","properties":{"cvegeo":"20334","nombre":"Villa de Tututepec"}},{"arcs":[[15,16,17,18,19,20,21,22,23]],"type":"Polygon","properties":{"cvegeo":"20102","nombre":"San Andrés Zautla"}},{"arcs":[[24,25,26,27,28]],"type":"Polygon","properties":{"cvegeo":"20427","nombre":"Santa María Petapa"}},{"arcs":[[29,30,31,32,-26,33]],"type":"Polygon","properties":{"cvegeo":"20010","nombre":"El Barrio de la Soledad"}},{"arcs":[[34,35,36,37,38]],"type":"Polygon","properties":{"cvegeo":"20305","nombre":"San Pedro Comitancillo"}},{"arcs":[[39,40,41,42,43,-39,44,45,46,47,-31]],"type":"Polygon","properties":{"cvegeo":"20005","nombre":"Asunción Ixtaltepec"}},{"arcs":[[48]],"type":"Polygon","properties":{"cvegeo":"20025","nombre":"Chahuites"}},{"arcs":[[49,50,51]],"type":"Polygon","properties":{"cvegeo":"20075","nombre":"Reforma de Pineda"}},{"arcs":[[-51,52,53,54,55,56]],"type":"Polygon","properties":{"cvegeo":"20141","nombre":"San Francisco del Mar"}},{"arcs":[[57,-52,-57,58,59]],"type":"Polygon","properties":{"cvegeo":"20143","nombre":"San Francisco Ixhuatán"}},{"arcs":[[60,61,62,63,64,65,66,67,68,-42,69,70]],"type":"Polygon","properties":{"cvegeo":"20043","nombre":"Heroica Ciudad de Juchitán de Zaragoza"}},{"arcs":[[71,72,-61]],"type":"Polygon","properties":{"cvegeo":"20557","nombre":"Unión Hidalgo"}},{"arcs":[[73,74,75,76,77]],"type":"Polygon","properties":{"cvegeo":"20071","nombre":"Pluma Hidalgo"}},{"arcs":[[-77,78,79,80,81,82]],"type":"Polygon","properties":{"cvegeo":"20012","nombre":"Candelaria Loxicha"}},{"arcs":[[83,84,85,86,87,88]],"type":"Polygon","properties":{"cvegeo":"20401","nombre":"Santa María Colotepec"}},{"arcs":[[89,-88,90,-12,91,92]],"type":"Polygon","properties":{"cvegeo":"20318","nombre":"San Pedro Mixtepec"}},{"arcs":[[[93,94,-34,-25,-29,95,96,97],[100]],[[98,99]]],"type":"MultiPolygon","properties":{"cvegeo":"20057","nombre":"Matías Romero Avendaño"}},{"arcs":[[101,102,103,104]],"type":"Polygon","properties":{"cvegeo":"20103","nombre":"San Antonino Castillo Velasco"}},{"arcs":[[-103,105,106,107,108,109]],"type":"Polygon","properties":{"cvegeo":"20360","nombre":"Santa Ana Zegache"}},{"arcs":[[110,111,112,113,-106,-102]],"type":"Polygon","properties":{"cvegeo":"20452","nombre":"Santiago Apóstol"}},{"arcs":[[114,115,116,117,118]],"type":"Polygon","properties":{"cvegeo":"20087","nombre":"San Agustín Yatareni"}},{"arcs":[[119,120,121,122,123,124,125,126,127,128,129]],"type":"Polygon","properties":{"cvegeo":"20072","nombre":"San José del Progreso"}},{"arcs":[[130,-129,131,132]],"type":"Polygon","properties":{"cvegeo":"20301","nombre":"San Pedro Apóstol"}},{"arcs":[[133,134,135,136,-121,137,138,139,140,141,-133,142,143,144,145,-111,-105,146,147]],"type":"Polygon","properties":{"cvegeo":"20068","nombre":"Ocotlán de Morelos"}},{"arcs":[[148,149,-139]],"type":"Polygon","properties":{"cvegeo":"20132","nombre":"San Dionisio Ocotlán"}},{"arcs":[[-147,-104,-110,150,151,152,153]],"type":"Polygon","properties":{"cvegeo":"20243","nombre":"San Martín Tilcajete"}},{"arcs":[[-150,154,-130,-131,-142,155,-140]],"type":"Polygon","properties":{"cvegeo":"20315","nombre":"San Pedro Mártir"}},{"arcs":[[156,-135,157,-148,-154,158,159,160,161]],"type":"Polygon","properties":{"cvegeo":"20530","nombre":"Santo Tomás Jalieza"}},{"arcs":[[162,163,164,165,166,167,168,169]],"type":"Polygon","properties":{"cvegeo":"20546","nombre":"Teotitlán del Valle"}},{"arcs":[[170,171,172,173,-166]],"type":"Polygon","properties":{"cvegeo":"20550","nombre":"San Jerónimo Tlacochahuaya"}},{"arcs":[[-174,174,175,176,177,178,-167]],"type":"Polygon","properties":{"cvegeo":"20145","nombre":"San Francisco Lachigoló"}},{"arcs":[[-118,179,180,181,182,183,184,185,186]],"type":"Polygon","properties":{"cvegeo":"20067","nombre":"Oaxaca de Juárez"}},{"arcs":[[187,188,189,-119,-187]],"type":"Polygon","properties":{"cvegeo":"20091","nombre":"San Andrés Huayápam"}},{"arcs":[[190,-169,191,192,193,194,195,-115,-190,196]],"type":"Polygon","properties":{"cvegeo":"20553","nombre":"Tlalixtac de Cabrera"}},{"arcs":[[-23,197,198,199,200,201]],"type":"Polygon","properties":{"cvegeo":"20483","nombre":"Santiago Suchilquitongo"}},{"arcs":[[202,203,204,-16,205]],"type":"Polygon","properties":{"cvegeo":"20077","nombre":"Reyes Etla"}},{"arcs":[[206,207,-206,-24,-202,208]],"type":"Polygon","properties":{"cvegeo":"20045","nombre":"Magdalena Apazco"}},{"arcs":[[209,210,211,-209,212,213]],"type":"Polygon","properties":{"cvegeo":"20193","nombre":"San Juan del Estado"}},{"arcs":[[214,215,216,217,-203,-208,218]],"type":"Polygon","properties":{"cvegeo":"20338","nombre":"Villa de Etla"}},{"arcs":[[-201,219,220,-213]],"type":"Polygon","properties":{"cvegeo":"20294","nombre":"San Pablo Huitzo"}},{"arcs":[[221,222,223,224,225,226,227,228,229,230,231,232,233,234,235,236,237,238,239,240,241]],"type":"Polygon","properties":{"cvegeo":"20277","nombre":"Villa Sola de Vega"}},{"arcs":[[242,243,-228]],"type":"Polygon","properties":{"cvegeo":"20155","nombre":"San Ildefonso Sola"}},{"arcs":[[-200,244,245,246,-220]],"type":"Polygon","properties":{"cvegeo":"20487","nombre":"Santiago Tenango"}},{"arcs":[[247,248,249,250]],"type":"Polygon","properties":{"cvegeo":"20494","nombre":"Santiago Tlazoyaltepec"}},{"arcs":[[-198,-22,251,252,253,254]],"type":"Polygon","properties":{"cvegeo":"20511","nombre":"Santo Domingo Nuxaá"}},{"arcs":[[255,256,-20]],"type":"Polygon","properties":{"cvegeo":"20531","nombre":"Santo Tomás Mazaltepec"}},{"arcs":[[257,-223,258,259,-225]],"type":"Polygon","properties":{"cvegeo":"20535","nombre":"San Vicente Lachixío"}},{"arcs":[[260,261,-254,262,263,264]],"type":"Polygon","properties":{"cvegeo":"20569","nombre":"Santa Inés de Zaragoza"}},{"arcs":[[265,266,267,268,269]],"type":"Polygon","properties":{"cvegeo":"20048","nombre":"Magdalena Mixtepec"}},{"arcs":[[270,271,272,273,274]],"type":"Polygon","properties":{"cvegeo":"20092","nombre":"San Andrés Ixtlahuaca"}},{"arcs":[[-262,275,-245,-199,-255]],"type":"Polygon","properties":{"cvegeo":"20094","nombre":"San Andrés Nuxiño"}},{"arcs":[[276,-127]],"type":"Polygon","properties":{"cvegeo":"20049","nombre":"Magdalena Ocotlán"}},{"arcs":[[277,278,279,280,281,282,283]],"type":"Polygon","properties":{"cvegeo":"20051","nombre":"Magdalena Teitipac"}},{"arcs":[[284,285,286]],"type":"Polygon","properties":{"cvegeo":"20069","nombre":"La Pe"}},{"arcs":[[-177,287,288,289,290,291]],"type":"Polygon","properties":{"cvegeo":"20078","nombre":"Rojas de Cuauhtémoc"}},{"arcs":[[-290,292,293,294,295,296,297,298]],"type":"Polygon","properties":{"cvegeo":"20083","nombre":"San Agustín de las Juntas"}},{"arcs":[[299,300,-215,301,302,303]],"type":"Polygon","properties":{"cvegeo":"20084","nombre":"San Agustín Etla"}},{"arcs":[[304,305,306,-282,307,308]],"type":"Polygon","properties":{"cvegeo":"20112","nombre":"San Baltazar Chichicápam"}},{"arcs":[[309,310,-280,311,312]],"type":"Polygon","properties":{"cvegeo":"20118","nombre":"San Bartolomé Quialana"}},{"arcs":[[313,-306,314,-122,-137,315]],"type":"Polygon","properties":{"cvegeo":"20162","nombre":"San Jerónimo Taviche"}},{"arcs":[[-219,-207,-212,316,-302]],"type":"Polygon","properties":{"cvegeo":"20178","nombre":"San Juan Bautista Guelache"}},{"arcs":[[317,318,319,320,321,322]],"type":"Polygon","properties":{"cvegeo":"20191","nombre":"San Juan Chicomezúchil"}},{"arcs":[[323,324,-278,325,326,-172]],"type":"Polygon","properties":{"cvegeo":"20197","nombre":"San Juan Guelavía"}},{"arcs":[[327,-162,328,329,-283]],"type":"Polygon","properties":{"cvegeo":"20219","nombre":"San Juan Teitipac"}},{"arcs":[[330,-274,331,332,333,334]],"type":"Polygon","properties":{"cvegeo":"20227","nombre":"San Lorenzo Cacaotepec"}},{"arcs":[[335,336,-310,337]],"type":"Polygon","properties":{"cvegeo":"20233","nombre":"San Lucas Quiaviní"}},{"arcs":[[338,-125]],"type":"Polygon","properties":{"cvegeo":"20238","nombre":"Heroico San Martín de los Cansecos"}},{"arcs":[[339,340,341,342,343,344]],"type":"Polygon","properties":{"cvegeo":"20247","nombre":"Capulálpam de Méndez"}},{"arcs":[[345,-344,346,347,348,349,-321]],"type":"Polygon","properties":{"cvegeo":"20262","nombre":"San Miguel Amatlán"}},{"arcs":[[350,351,352]],"type":"Polygon","properties":{"cvegeo":"20267","nombre":"San Miguel del Río"}},{"arcs":[[-314,353,-328,-307]],"type":"Polygon","properties":{"cvegeo":"20284","nombre":"San Miguel Tilquiápam"}},{"arcs":[[354,-188,-186,355,-335,356,-217,-216,-301,-300]],"type":"Polygon","properties":{"cvegeo":"20293","nombre":"San Pablo Etla"}},{"arcs":[[357,-107,-114,358,359,360,361,362,363]],"type":"Polygon","properties":{"cvegeo":"20295","nombre":"San Pablo Huixtepec"}},{"arcs":[[364,365,366,-271,367]],"type":"Polygon","properties":{"cvegeo":"20310","nombre":"San Pedro Ixtlahuaca"}},{"arcs":[[368,369,370,-123,-315,-305,371]],"type":"Polygon","properties":{"cvegeo":"20328","nombre":"San Pedro Taviche"}},{"arcs":[[-173,-327,372,373,-293,-289,374,-175]],"type":"Polygon","properties":{"cvegeo":"20343","nombre":"San Sebastián Abasolo"}},{"arcs":[[375,-329,-161,376,-294,-374]],"type":"Polygon","properties":{"cvegeo":"20349","nombre":"San Sebastián Teitipac"}},{"arcs":[[377,-194,-291,-299,378,-181,379,380]],"type":"Polygon","properties":{"cvegeo":"20107","nombre":"San Antonio de la Cal"}},{"arcs":[[381,-164,382]],"type":"Polygon","properties":{"cvegeo":"20356","nombre":"Santa Ana del Valle"}},{"arcs":[[383,384,-144,385,386,387,388]],"type":"Polygon","properties":{"cvegeo":"20358","nombre":"Santa Ana Tlapacoyan"}},{"arcs":[[-197,-189,389,-353,390,-323,391]],"type":"Polygon","properties":{"cvegeo":"20363","nombre":"Santa Catarina Ixtepeji"}},{"arcs":[[-170,-191,-392,-322,-350]],"type":"Polygon","properties":{"cvegeo":"20365","nombre":"Santa Catarina Lachatao"}},{"arcs":[[-316,-136,-157,-354]],"type":"Polygon","properties":{"cvegeo":"20368","nombre":"Santa Catarina Minas"}},{"arcs":[[392,-151,-109,393,394]],"type":"Polygon","properties":{"cvegeo":"20369","nombre":"Santa Catarina Quiané"}},{"arcs":[[-362,395,-384,-389,396,397,398]],"type":"Polygon","properties":{"cvegeo":"20378","nombre":"Santa Cruz Mixtepec"}},{"arcs":[[-284,-330,-376,-373,-326]],"type":"Polygon","properties":{"cvegeo":"20380","nombre":"Santa Cruz Papalutla"}},{"arcs":[[-379,-298,399,400,401,402,403,-365,404,-182]],"type":"Polygon","properties":{"cvegeo":"20385","nombre":"Santa Cruz Xoxocotlán"}},{"arcs":[[405,-112,-146,406,-360]],"type":"Polygon","properties":{"cvegeo":"20387","nombre":"Santa Gertrudis"}},{"arcs":[[407,408,409,-267,410]],"type":"Polygon","properties":{"cvegeo":"20388","nombre":"Santa Inés del Monte"}},{"arcs":[[-138,-120,-155,-149]],"type":"Polygon","properties":{"cvegeo":"20393","nombre":"Santa Lucía Ocotlán"}},{"arcs":[[-356,-185,411,-183,-405,-368,-275,-331]],"type":"Polygon","properties":{"cvegeo":"20399","nombre":"Santa María Atzompa"}},{"arcs":[[412,413,-401,414,-296]],"type":"Polygon","properties":{"cvegeo":"20403","nombre":"Santa María Coyotepec"}},{"arcs":[[-391,-352,415,416,417,418,419]],"type":"Polygon","properties":{"cvegeo":"20419","nombre":"Santa María Jaltianguis"}},{"arcs":[[420,421,422,-348]],"type":"Polygon","properties":{"cvegeo":"20443","nombre":"Santa María Yavesía"}},{"arcs":[[423,424,425,426,-369,427,428]],"type":"Polygon","properties":{"cvegeo":"20449","nombre":"Santa María Zoquitlán"}},{"arcs":[[429,430,-308,-281,-311,-337,431,432]],"type":"Polygon","properties":{"cvegeo":"20475","nombre":"Santiago Matatlán"}},{"arcs":[[433,434,-421,-347,-343,435,-341,436]],"type":"Polygon","properties":{"cvegeo":"20496","nombre":"Santiago Xiacuí"}},{"arcs":[[-390,-355,-304,437]],"type":"Polygon","properties":{"cvegeo":"20504","nombre":"Nuevo Zoquiápam"}},{"arcs":[[-179,438,-192,-168]],"type":"Polygon","properties":{"cvegeo":"20519","nombre":"Santo Domingo Tomaltepec"}},{"arcs":[[439,-333,440,-18,441]],"type":"Polygon","properties":{"cvegeo":"20539","nombre":"Soledad Etla"}},{"arcs":[[-303,-317,-211,442,443,-416,-351,-438]],"type":"Polygon","properties":{"cvegeo":"20544","nombre":"Teococuilco de Marcos Pérez"}},{"arcs":[[444,445,-409,446]],"type":"Polygon","properties":{"cvegeo":"20555","nombre":"Trinidad Zaachila"}},{"arcs":[[447,448,449,450,451,-383,-163,-349,-423]],"type":"Polygon","properties":{"cvegeo":"20560","nombre":"Villa Díaz Ordaz"}},{"arcs":[[452,-428,-372,-309,-431]],"type":"Polygon","properties":{"cvegeo":"20561","nombre":"Yaxe"}},{"arcs":[[453,-402,-414,454,-159,-153,455,456,-447,-408,457,458]],"type":"Polygon","properties":{"cvegeo":"20565","nombre":"Villa de Zaachila"}},{"arcs":[[459,460,-260,461]],"type":"Polygon","properties":{"cvegeo":"20420","nombre":"Santa María Lachixío"}},{"arcs":[[-257,462,-251,463,464,465,-252,-21]],"type":"Polygon","properties":{"cvegeo":"20426","nombre":"Santa María Peñoles"}},{"arcs":[[466,-398,467,-460,468,469,470,471]],"type":"Polygon","properties":{"cvegeo":"20104","nombre":"San Antonino el Alto"}},{"arcs":[[472,-470,473,-242,474,475,476,-465]],"type":"Polygon","properties":{"cvegeo":"20108","nombre":"San Antonio Huitepec"}},{"arcs":[[-253,-466,-477,477,478,479,480,481,482,-263]],"type":"Polygon","properties":{"cvegeo":"20217","nombre":"San Juan Tamazola"}},{"arcs":[[483,484,485,486]],"type":"Polygon","properties":{"cvegeo":"20241","nombre":"San Martín Lachilá"}},{"arcs":[[-388,487,-226,-461,-468,-397]],"type":"Polygon","properties":{"cvegeo":"20271","nombre":"San Miguel Mixtepec"}},{"arcs":[[488,489,490,-471,-473,-464,-250]],"type":"Polygon","properties":{"cvegeo":"20273","nombre":"San Miguel Peras"}},{"arcs":[[-445,-457,491,-395,492]],"type":"Polygon","properties":{"cvegeo":"20013","nombre":"Ciénega de Zimatlán"}},{"arcs":[[493,-484,494,-287,495,496,497,498,-243,499]],"type":"Polygon","properties":{"cvegeo":"20017","nombre":"La Compañía"}},{"arcs":[[-404,500,-459,501,-366]],"type":"Polygon","properties":{"cvegeo":"20023","nombre":"Cuilápam de Guerrero"}},{"arcs":[[-357,-334,-440,502,-204,-218]],"type":"Polygon","properties":{"cvegeo":"20033","nombre":"Guadalupe Etla"}},{"arcs":[[503,-268,504,-363,-399,-467]],"type":"Polygon","properties":{"cvegeo":"20123","nombre":"San Bernardo Mixtepec"}},{"arcs":[[-332,-273,505,-248,-463,-256,-19,-441]],"type":"Polygon","properties":{"cvegeo":"20135","nombre":"San Felipe Tejalápam"}},{"arcs":[[506,507,-221,-247,508]],"type":"Polygon","properties":{"cvegeo":"20150","nombre":"San Francisco Telixtlahuaca"}},{"arcs":[[-509,-246,-276,-261,509,510,511]],"type":"Polygon","properties":{"cvegeo":"20161","nombre":"San Jerónimo Sosola"}},{"arcs":[[-486,-500,-227,-488,-387,512]],"type":"Polygon","properties":{"cvegeo":"20398","nombre":"Ayoquezco de Aldama"}},{"arcs":[[-132,-128,-277,-126,-339,-124,-371,513,514,515,516,-230,517,518,-497,519,520,521,-285,-495,-487,-513,-386,-143]],"type":"Polygon","properties":{"cvegeo":"20028","nombre":"Heroica Ciudad de Ejutla de Crespo"}},{"arcs":[[-178,-292,-193,-439]],"type":"Polygon","properties":{"cvegeo":"20409","nombre":"Santa María del Tule"}},{"arcs":[[522,523,524,525,526,527,528,529,530,531,532,533,534,-233,535,536,537,538,539,540,541,542,543,-516,544]],"type":"Polygon","properties":{"cvegeo":"20059","nombre":"Heroica Ciudad de Miahuatlán de Porfirio Díaz"}},{"arcs":[[545,546,547,-528]],"type":"Polygon","properties":{"cvegeo":"20154","nombre":"San Ildefonso Amatlán"}},{"arcs":[[-548,548,549,-529]],"type":"Polygon","properties":{"cvegeo":"20167","nombre":"San José del Peñasco"}},{"arcs":[[550,551,552,553]],"type":"Polygon","properties":{"cvegeo":"20209","nombre":"San Juan Mixtepec"}},{"arcs":[[554,555,556,557,558,559,560,561]],"type":"Polygon","properties":{"cvegeo":"20254","nombre":"San Mateo Río Hondo"}},{"arcs":[[562,563,564,-551,565]],"type":"Polygon","properties":{"cvegeo":"20319","nombre":"San Pedro Mixtepec"}},{"arcs":[[-549,-547,566,567,568,-555,569]],"type":"Polygon","properties":{"cvegeo":"20347","nombre":"San Sebastián Río Hondo"}},{"arcs":[[570,571,-235,572]],"type":"Polygon","properties":{"cvegeo":"20314","nombre":"San Pedro Juchatengo"}},{"arcs":[[-499,573,-518,-229,-244]],"type":"Polygon","properties":{"cvegeo":"20149","nombre":"San Francisco Sola"}},{"arcs":[[574,575,576,577,578]],"type":"Polygon","properties":{"cvegeo":"20096","nombre":"San Andrés Sinaxtla"}},{"arcs":[[-579,579,580,581,582,583]],"type":"Polygon","properties":{"cvegeo":"20215","nombre":"San Juan Sayultepec"}},{"arcs":[[584,585,586,587,588,589,590]],"type":"Polygon","properties":{"cvegeo":"20562","nombre":"Magdalena Yodocono de Porfirio Díaz"}},{"arcs":[[591,592,593,-585,594,595]],"type":"Polygon","properties":{"cvegeo":"20147","nombre":"San Francisco Nuxaño"}},{"arcs":[[596,597]],"type":"Polygon","properties":{"cvegeo":"20230","nombre":"San Lorenzo Victoria"}},{"arcs":[[598,599,600,601,-598,602,603]],"type":"Polygon","properties":{"cvegeo":"20164","nombre":"San Jorge Nuchita"}},{"arcs":[[604,605,606,607,608,609,610]],"type":"Polygon","properties":{"cvegeo":"20548","nombre":"Tepelmeme Villa de Morelos"}},{"arcs":[[-610,611,612,613,614]],"type":"Polygon","properties":{"cvegeo":"20018","nombre":"Concepción Buenavista"}},{"arcs":[[615,616,617]],"type":"Polygon","properties":{"cvegeo":"20021","nombre":"Cosolapa"}},{"arcs":[[618,-54,619],[-49]],"type":"Polygon","properties":{"cvegeo":"20327","nombre":"San Pedro Tapanatepec"}},{"arcs":[[620,621,622,623,624,-564],[625]],"type":"Polygon","properties":{"cvegeo":"20211","nombre":"San Juan Ozolotepec"}},{"arcs":[[626,627,628,629,630,631,632]],"type":"Polygon","properties":{"cvegeo":"20474","nombre":"Santiago Llano Grande"}},{"arcs":[[633,634,635,636,637]],"type":"Polygon","properties":{"cvegeo":"20476","nombre":"Santiago Miltepec"}},{"arcs":[[638,-237,639,640,641,642,643]],"type":"Polygon","properties":{"cvegeo":"20477","nombre":"Santiago Minas"}},{"arcs":[[644,645,-507,-512,646,647]],"type":"Polygon","properties":{"cvegeo":"20478","nombre":"Santiago Nacaltepec"}},{"arcs":[[648,649,650,-590,651,652]],"type":"Polygon","properties":{"cvegeo":"20479","nombre":"Santiago Nejapilla"}},{"arcs":[[653,654,655,656,657]],"type":"Polygon","properties":{"cvegeo":"20480","nombre":"Santiago Nundiche"}},{"arcs":[[658,659,660,661,662,663]],"type":"Polygon","properties":{"cvegeo":"20481","nombre":"Santiago Nuyoó"}},{"arcs":[[664,665,666,667,668,669,670,671,-629,672]],"type":"Polygon","properties":{"cvegeo":"20482","nombre":"Santiago Pinotepa Nacional"}},{"arcs":[[673,674,675,676,677,678,679,680,681]],"type":"Polygon","properties":{"cvegeo":"20484","nombre":"Santiago Tamazola"}},{"arcs":[[682,683]],"type":"Polygon","properties":{"cvegeo":"20485","nombre":"Santiago Tapextla"}},{"arcs":[[684,685,686,687,688,689,690,691,692]],"type":"Polygon","properties":{"cvegeo":"20486","nombre":"Villa Tejúpam de la Unión"}},{"arcs":[[693,694,695,696]],"type":"Polygon","properties":{"cvegeo":"20488","nombre":"Santiago Tepetlapa"}},{"arcs":[[697,698,699,700,701]],"type":"Polygon","properties":{"cvegeo":"20489","nombre":"Santiago Tetepec"}},{"arcs":[[702,703,704]],"type":"Polygon","properties":{"cvegeo":"20490","nombre":"Santiago Texcalcingo"}},{"arcs":[[-240,705,706,707]],"type":"Polygon","properties":{"cvegeo":"20491","nombre":"Santiago Textitlán"}},{"arcs":[[708,709,710,711,712,713,714,-593,715,716]],"type":"Polygon","properties":{"cvegeo":"20492","nombre":"Santiago Tilantongo"}},{"arcs":[[717,718,-575,-584]],"type":"Polygon","properties":{"cvegeo":"20493","nombre":"Santiago Tillo"}},{"arcs":[[719,720,721,722]],"type":"Polygon","properties":{"cvegeo":"20497","nombre":"Santiago Yaitepec"}},{"arcs":[[723,724,725,726,727]],"type":"Polygon","properties":{"cvegeo":"20499","nombre":"Santiago Yolomécatl"}},{"arcs":[[728,729,730,731,732,733,734,735]],"type":"Polygon","properties":{"cvegeo":"20500","nombre":"Santiago Yosondúa"}},{"arcs":[[736,737,738,-678,739]],"type":"Polygon","properties":{"cvegeo":"20501","nombre":"Santiago Yucuyachi"}},{"arcs":[[740,-671,741,-683,742,743]],"type":"Polygon","properties":{"cvegeo":"20507","nombre":"Santo Domingo Armenta"}},{"arcs":[[-729,744,745]],"type":"Polygon","properties":{"cvegeo":"20510","nombre":"Santo Domingo Ixcatlán"}},{"arcs":[[746,-644,747,748,749,-706,-239]],"type":"Polygon","properties":{"cvegeo":"20516","nombre":"Santo Domingo Teojomulco"}},{"arcs":[[750,751,752,-601,753]],"type":"Polygon","properties":{"cvegeo":"20520","nombre":"Santo Domingo Tonalá"}},{"arcs":[[754,755,756]],"type":"Polygon","properties":{"cvegeo":"20521","nombre":"Santo Domingo Tonaltepec"}},{"arcs":[[757,758,-576,-719,759,760,761]],"type":"Polygon","properties":{"cvegeo":"20523","nombre":"Santo Domingo Yanhuitlán"}},{"arcs":[[762,763,764]],"type":"Polygon","properties":{"cvegeo":"20524","nombre":"Santo Domingo Yodohino"}},{"arcs":[[765,766,767,-92,-11,768,-722]],"type":"Polygon","properties":{"cvegeo":"20526","nombre":"Santos Reyes Nopala"}},{"arcs":[[769,770,771,772]],"type":"Polygon","properties":{"cvegeo":"20527","nombre":"Santos Reyes Pápalo"}},{"arcs":[[773,774,775,776,777]],"type":"Polygon","properties":{"cvegeo":"20528","nombre":"Santos Reyes Tepejillo"}},{"arcs":[[778,779,780,781,782]],"type":"Polygon","properties":{"cvegeo":"20529","nombre":"Santos Reyes Yucuná"}},{"arcs":[[783,784,-664,785,786,787]],"type":"Polygon","properties":{"cvegeo":"20532","nombre":"Santo Tomás Ocotepec"}},{"arcs":[[-652,-589,788,789]],"type":"Polygon","properties":{"cvegeo":"20536","nombre":"San Vicente Nuñú"}},{"arcs":[[790,-691,791,792,793,794,795]],"type":"Polygon","properties":{"cvegeo":"20540","nombre":"Villa de Tamazulápam del Progreso"}},{"arcs":[[-15,796,-699,797,798,799]],"type":"Polygon","properties":{"cvegeo":"20543","nombre":"Tataltepec de Valdés"}},{"arcs":[[800,801,802,-606,803,804,-704,805]],"type":"Polygon","properties":{"cvegeo":"20545","nombre":"Teotitlán de Flores Magón"}},{"arcs":[[806,807,-692,-791,808]],"type":"Polygon","properties":{"cvegeo":"20547","nombre":"Teotongo"}},{"arcs":[[809,810,-763,811,812,813,814,-778,815,816,-751,817]],"type":"Polygon","properties":{"cvegeo":"20549","nombre":"Heroica Villa Tezoatlán de Segura y Luna, Cuna de la Independencia de Oaxaca"}},{"arcs":[[818,819,820,821]],"type":"Polygon","properties":{"cvegeo":"20552","nombre":"Tlacotepec Plumas"}},{"arcs":[[822,823,-807,824,825]],"type":"Polygon","properties":{"cvegeo":"20556","nombre":"La Trinidad Vista Hermosa"}},{"arcs":[[826,827,828,829]],"type":"Polygon","properties":{"cvegeo":"20558","nombre":"Valerio Trujano"}},{"arcs":[[-480,830,831,-710,832]],"type":"Polygon","properties":{"cvegeo":"20564","nombre":"Yutanduchi de Guerrero"}},{"arcs":[[-475,-241,-708,833,834,835,-733,836]],"type":"Polygon","properties":{"cvegeo":"20566","nombre":"San Mateo Yucutindoo"}},{"arcs":[[837,838,839,840,841,842]],"type":"Polygon","properties":{"cvegeo":"20567","nombre":"Zapotitlán Lagunas"}},{"arcs":[[843,844]],"type":"Polygon","properties":{"cvegeo":"20568","nombre":"Zapotitlán Palmas"}},{"arcs":[[845,846,847,-634,848]],"type":"Polygon","properties":{"cvegeo":"20004","nombre":"Asunción Cuyotepeji"}},{"arcs":[[849,850,851,852,-738]],"type":"Polygon","properties":{"cvegeo":"20011","nombre":"Calihualá"}},{"arcs":[[853,854,855]],"type":"Polygon","properties":{"cvegeo":"20016","nombre":"Coicoyán de las Flores"}},{"arcs":[[856,857,858,859]],"type":"Polygon","properties":{"cvegeo":"20022","nombre":"Cosoltepec"}},{"arcs":[[860,861,862,863,864]],"type":"Polygon","properties":{"cvegeo":"20024","nombre":"Cuyamecalco Villa de Zaragoza"}},{"arcs":[[865,-745,-736,866,867,868,869,870]],"type":"Polygon","properties":{"cvegeo":"20026","nombre":"Chalcatongo de Hidalgo"}},{"arcs":[[871,872,873,874,875,876,877]],"type":"Polygon","properties":{"cvegeo":"20029","nombre":"Eloxochitlán de Flores Magón"}},{"arcs":[[878,879,880]],"type":"Polygon","properties":{"cvegeo":"20032","nombre":"Fresnillo de Trujano"}},{"arcs":[[881,882,883,-676]],"type":"Polygon","properties":{"cvegeo":"20034","nombre":"Guadalupe de Ramírez"}},{"arcs":[[884,885,886]],"type":"Polygon","properties":{"cvegeo":"20037","nombre":"Mesones Hidalgo"}},{"arcs":[[-264,-483,887,-481,-833,-709,888,889,890]],"type":"Polygon","properties":{"cvegeo":"20046","nombre":"Magdalena Jaltepec"}},{"arcs":[[-820,891,892,-826,893,894]],"type":"Polygon","properties":{"cvegeo":"20047","nombre":"Santa Magdalena Jicotlán"}},{"arcs":[[895,896,897,898,899,900,901]],"type":"Polygon","properties":{"cvegeo":"20050","nombre":"Magdalena Peñasco"}},{"arcs":[[-890,902,903,904,905]],"type":"Polygon","properties":{"cvegeo":"20054","nombre":"Magdalena Zahuatlán"}},{"arcs":[[906,907,-780,908,-599,-604,-883,909,910,911,912,-879]],"type":"Polygon","properties":{"cvegeo":"20055","nombre":"Mariscala de Juárez"}},{"arcs":[[913,914,-627,915]],"type":"Polygon","properties":{"cvegeo":"20056","nombre":"Mártires de Tacubaya"}},{"arcs":[[916,917,-864,918,919,920,921,922]],"type":"Polygon","properties":{"cvegeo":"20058","nombre":"Mazatlán Villa de Flores"}},{"arcs":[[-816,-777,923,924,925,926,927]],"type":"Polygon","properties":{"cvegeo":"20065","nombre":"Ixpantepec Nieves"}},{"arcs":[[928,929,930,-667,931]],"type":"Polygon","properties":{"cvegeo":"20070","nombre":"Pinotepa de Don Luis"}},{"arcs":[[932,933,934,935,936,937]],"type":"Polygon","properties":{"cvegeo":"20076","nombre":"La Reforma"}},{"arcs":[[-817,-928,938,-752]],"type":"Polygon","properties":{"cvegeo":"20081","nombre":"San Agustín Atenango"}},{"arcs":[[-701,939,940,941,942,943]],"type":"Polygon","properties":{"cvegeo":"20082","nombre":"San Agustín Chayuco"}},{"arcs":[[944,945,946,-897]],"type":"Polygon","properties":{"cvegeo":"20086","nombre":"San Agustín Tlacotepec"}},{"arcs":[[947,948,949,950,-938,951,952]],"type":"Polygon","properties":{"cvegeo":"20088","nombre":"San Andrés Cabecera Nueva"}},{"arcs":[[953,-764,-811,954,955,-794]],"type":"Polygon","properties":{"cvegeo":"20089","nombre":"San Andrés Dinicuiti"}},{"arcs":[[-931,956,957,958,-668]],"type":"Polygon","properties":{"cvegeo":"20090","nombre":"San Andrés Huaxpaltepec"}},{"arcs":[[959,-792,-690,960,961]],"type":"Polygon","properties":{"cvegeo":"20093","nombre":"San Andrés Lagunas"}},{"arcs":[[962,963,964]],"type":"Polygon","properties":{"cvegeo":"20099","nombre":"San Andrés Tepetlapa"}},{"arcs":[[-485,-494]],"type":"Polygon","properties":{"cvegeo":"20101","nombre":"San Andrés Zabache"}},{"arcs":[[965,966,967,968,969,970,971,972,973]],"type":"Polygon","properties":{"cvegeo":"20052","nombre":"Magdalena Tequisistlán"}},{"arcs":[[-45,-38,974,975,976]],"type":"Polygon","properties":{"cvegeo":"20053","nombre":"Magdalena Tlacotepec"}},{"arcs":[[977,978,979,980,981,982]],"type":"Polygon","properties":{"cvegeo":"20060","nombre":"Mixistlán de la Reforma"}},{"arcs":[[983,-540]],"type":"Polygon","properties":{"cvegeo":"20061","nombre":"Monjas"}},{"arcs":[[984,-60,985,-73,986,987]],"type":"Polygon","properties":{"cvegeo":"20066","nombre":"Santiago Niltepec"}},{"arcs":[[988,-566,-554,989,990,991]],"type":"Polygon","properties":{"cvegeo":"20074","nombre":"Santa Catarina Quioquitani"}},{"arcs":[[992,993,994,995]],"type":"Polygon","properties":{"cvegeo":"20079","nombre":"Salina Cruz"}},{"arcs":[[-519,-574,-498]],"type":"Polygon","properties":{"cvegeo":"20080","nombre":"San Agustín Amatengo"}},{"arcs":[[996,-82,997,998,999,1000,1001,-559]],"type":"Polygon","properties":{"cvegeo":"20085","nombre":"San Agustín Loxicha"}},{"arcs":[[-530,-550,-570,-562,1002,1003]],"type":"Polygon","properties":{"cvegeo":"20095","nombre":"San Andrés Paxtlán"}},{"arcs":[[1004,1005,1006,1007,1008,1009,1010,1011]],"type":"Polygon","properties":{"cvegeo":"20097","nombre":"San Andrés Solaga"}},{"arcs":[[1012,1013,1014,1015,1016,1017,1018]],"type":"Polygon","properties":{"cvegeo":"20098","nombre":"San Andrés Teotilálpam"}},{"arcs":[[1019,1020,1021,-1007,1022]],"type":"Polygon","properties":{"cvegeo":"20100","nombre":"San Andrés Yaá"}},{"arcs":[[1023,-84,1024,1025,1026]],"type":"Polygon","properties":{"cvegeo":"20113","nombre":"San Baltazar Loxicha"}},{"arcs":[[1027,-1009,1028,1029,1030,1031]],"type":"Polygon","properties":{"cvegeo":"20114","nombre":"San Baltazar Yatzachi el Bajo"}},{"arcs":[[1032,1033,1034,1035,1036]],"type":"Polygon","properties":{"cvegeo":"20116","nombre":"San Bartolomé Ayautla"}},{"arcs":[[-1000,1037,-85,-1024,1038]],"type":"Polygon","properties":{"cvegeo":"20117","nombre":"San Bartolomé Loxicha"}},{"arcs":[[-1028,1039,1040,-1010]],"type":"Polygon","properties":{"cvegeo":"20120","nombre":"San Bartolomé Zoogocho"}},{"arcs":[[1041,1042]],"type":"Polygon","properties":{"cvegeo":"20122","nombre":"San Bartolo Yautepec"}},{"arcs":[[1043,-971,1044,-1043,1045,1046,1047,1048,1049,-621,-563,-989,1050,1051,-424,1052,1053,1054,1055,1056,1057,1058,1059,1060,1061]],"type":"Polygon","properties":{"cvegeo":"20125","nombre":"San Carlos Yautepec"}},{"arcs":[[1062,1063,-990,-553,1064,-567,-546,-527,1065]],"type":"Polygon","properties":{"cvegeo":"20126","nombre":"San Cristóbal Amatlán"}},{"arcs":[[1066,-62,-986,-59,-56]],"type":"Polygon","properties":{"cvegeo":"20130","nombre":"San Dionisio del Mar"}},{"arcs":[[1067,1068,-433,1069,1070]],"type":"Polygon","properties":{"cvegeo":"20131","nombre":"San Dionisio Ocotepec"}},{"arcs":[[1071,1072,-1018,1073,-1033,1074,1075]],"type":"Polygon","properties":{"cvegeo":"20134","nombre":"San Felipe Jalapa de Díaz"}},{"arcs":[[1076,1077,1078,1079,1080,-1013,1081]],"type":"Polygon","properties":{"cvegeo":"20136","nombre":"San Felipe Usila"}},{"arcs":[[1082,-1063,1083,1084]],"type":"Polygon","properties":{"cvegeo":"20146","nombre":"San Francisco Logueche"}},{"arcs":[[-535,1085,1086,1087,1088,-573,-234]],"type":"Polygon","properties":{"cvegeo":"20159","nombre":"San Jerónimo Coatlán"}},{"arcs":[[1089,1090]],"type":"Polygon","properties":{"cvegeo":"20166","nombre":"San José Chiltepec"}},{"arcs":[[1091,1092,1093]],"type":"Polygon","properties":{"cvegeo":"20169","nombre":"San José Independencia"}},{"arcs":[[1094,-991,-1064,-1083,-1085,1095,-426,1096]],"type":"Polygon","properties":{"cvegeo":"20170","nombre":"San José Lachiguiri"}},{"arcs":[[-1093,1097,1098,-1075,-1037,1099,1100,1101]],"type":"Polygon","properties":{"cvegeo":"20171","nombre":"San José Tenango"}},{"arcs":[[-419,1102,1103,1104,1105,1106]],"type":"Polygon","properties":{"cvegeo":"20173","nombre":"San Juan Atepec"}},{"arcs":[[1107,1108,1109,1110,-645,1111,1112]],"type":"Polygon","properties":{"cvegeo":"20175","nombre":"San Juan Bautista Atatlahuca"}},{"arcs":[[-1111,1113,-214,-508,-646]],"type":"Polygon","properties":{"cvegeo":"20179","nombre":"San Juan Bautista Jayacatlán"}},{"arcs":[[-1081,1114,-1014]],"type":"Polygon","properties":{"cvegeo":"20182","nombre":"San Juan Bautista Tlacoatzintepec"}},{"arcs":[[1115,1116,1117,1118,1119,1120,-1091,1121,1122,1123,1124]],"type":"Polygon","properties":{"cvegeo":"20184","nombre":"San Juan Bautista Tuxtepec"}},{"arcs":[[-1036,1125,1126,1127,1128,-1100]],"type":"Polygon","properties":{"cvegeo":"20187","nombre":"San Juan Coatzóspam"}},{"arcs":[[1129,1130,1131]],"type":"Polygon","properties":{"cvegeo":"20189","nombre":"San Juan Comaltepec"}},{"arcs":[[1132,-98,1133,1134,1135,1136,1137]],"type":"Polygon","properties":{"cvegeo":"20190","nombre":"San Juan Cotzocón"}},{"arcs":[[1138,1139,1140,1141]],"type":"Polygon","properties":{"cvegeo":"20194","nombre":"San Juan del Río"}},{"arcs":[[-418,1142,-1103]],"type":"Polygon","properties":{"cvegeo":"20196","nombre":"San Juan Evangelista Analco"}},{"arcs":[[1143,1144,1145,-1059,1146,1147,1148]],"type":"Polygon","properties":{"cvegeo":"20200","nombre":"San Juan Juquila Mixes"}},{"arcs":[[1149,1150,1151,-1012,1152,-437,1153]],"type":"Polygon","properties":{"cvegeo":"20201","nombre":"San Juan Juquila Vijanos"}},{"arcs":[[1154,1155,-514,-370]],"type":"Polygon","properties":{"cvegeo":"20203","nombre":"San Juan Lachigalla"}},{"arcs":[[-1056,1156,1157]],"type":"Polygon","properties":{"cvegeo":"20204","nombre":"San Juan Lajarcia"}},{"arcs":[[-97,1158,-100,1159,1160,1161,1162,1163,1164,1165,1166,-1134]],"type":"Polygon","properties":{"cvegeo":"20207","nombre":"San Juan Mazatlán"}},{"arcs":[[1167,1168,1169,1170,1171]],"type":"Polygon","properties":{"cvegeo":"20212","nombre":"San Juan Petlapa"}},{"arcs":[[-1079,1172,1173,1174,1175,-1108,1176,1177]],"type":"Polygon","properties":{"cvegeo":"20214","nombre":"San Juan Quiotepec"}},{"arcs":[[1178,1179,-1005,-1152,1180]],"type":"Polygon","properties":{"cvegeo":"20216","nombre":"San Juan Tabaá"}},{"arcs":[[-1177,-1113,1181,-770,1182,1183]],"type":"Polygon","properties":{"cvegeo":"20220","nombre":"San Juan Tepeuxila"}},{"arcs":[[1184,1185,1186,1187]],"type":"Polygon","properties":{"cvegeo":"20222","nombre":"San Juan Yaeé"}},{"arcs":[[1188,1189,1190,1191]],"type":"Polygon","properties":{"cvegeo":"20223","nombre":"San Juan Yatzona"}},{"arcs":[[-1139,1192,1193,-1071,1194]],"type":"Polygon","properties":{"cvegeo":"20226","nombre":"San Lorenzo Albarradas"}},{"arcs":[[1195,-1061,1196,-1166]],"type":"Polygon","properties":{"cvegeo":"20231","nombre":"San Lucas Camotlán"}},{"arcs":[[-1123,1197,1198,-1082,-1019,-1073,1199]],"type":"Polygon","properties":{"cvegeo":"20232","nombre":"San Lucas Ojitlán"}},{"arcs":[[-1096,-1084,-1066,-526,1200,-524,1201,-1155,-427]],"type":"Polygon","properties":{"cvegeo":"20235","nombre":"San Luis Amatlán"}},{"arcs":[[1202,-74,1203,1204,1205]],"type":"Polygon","properties":{"cvegeo":"20236","nombre":"San Marcial Ozolotepec"}},{"arcs":[[1206,1207,1208]],"type":"Polygon","properties":{"cvegeo":"20246","nombre":"San Mateo Cajonos"}},{"arcs":[[1209,-994,1210,-64]],"type":"Polygon","properties":{"cvegeo":"20248","nombre":"San Mateo del Mar"}},{"arcs":[[1211,-7,1212,-75,-1203,1213]],"type":"Polygon","properties":{"cvegeo":"20253","nombre":"San Mateo Piñas"}},{"arcs":[[-1022,1214,-978,1215,-1029,-1008]],"type":"Polygon","properties":{"cvegeo":"20257","nombre":"San Melchor Betaza"}},{"arcs":[[1216,-443,-210,-1114,-1110,1217]],"type":"Polygon","properties":{"cvegeo":"20260","nombre":"San Miguel Aloápam"}},{"arcs":[[1218,1219,-533,1220,-560,-1002]],"type":"Polygon","properties":{"cvegeo":"20263","nombre":"San Miguel Coatlán"}},{"arcs":[[1221,1222,-988,1223,-70,-41,1224]],"type":"Polygon","properties":{"cvegeo":"20265","nombre":"San Miguel Chimalapa"}},{"arcs":[[-1050,1225,1226,-4,1227,-622]],"type":"Polygon","properties":{"cvegeo":"20266","nombre":"San Miguel del Puerto"}},{"arcs":[[1228,-521]],"type":"Polygon","properties":{"cvegeo":"20268","nombre":"San Miguel Ejutla"}},{"arcs":[[-1197,-1060,-1146,1229,1230,-1135,-1167]],"type":"Polygon","properties":{"cvegeo":"20275","nombre":"San Miguel Quetzaltepec"}},{"arcs":[[1231,1232,-861,1233]],"type":"Polygon","properties":{"cvegeo":"20276","nombre":"San Miguel Santa Flor"}},{"arcs":[[1234,1235,-1124,-1200,-1072,1236,-1098,-1092,1237,1238]],"type":"Polygon","properties":{"cvegeo":"20278","nombre":"San Miguel Soyaltepec"}},{"arcs":[[1239,-1205,1240,-557]],"type":"Polygon","properties":{"cvegeo":"20279","nombre":"San Miguel Suchixtepec"}},{"arcs":[[1241,1242,1243,-1179,-1181,-1151,1244,1245,-1192]],"type":"Polygon","properties":{"cvegeo":"20280","nombre":"Villa Talea de Castro"}},{"arcs":[[-966,1246]],"type":"Polygon","properties":{"cvegeo":"20282","nombre":"San Miguel Tenango"}},{"arcs":[[1247,-1154,-340,1248]],"type":"Polygon","properties":{"cvegeo":"20288","nombre":"San Miguel Yotao"}},{"arcs":[[1249,1250,-543]],"type":"Polygon","properties":{"cvegeo":"20289","nombre":"San Nicolás"}},{"arcs":[[-1220,1251,-1026,1252,-1086,-534]],"type":"Polygon","properties":{"cvegeo":"20291","nombre":"San Pablo Coatlán"}},{"arcs":[[-1106,1253,-1175,1254,1255]],"type":"Polygon","properties":{"cvegeo":"20296","nombre":"San Pablo Macuiltianguis"}},{"arcs":[[1256,1257,1258,-1140,-1195,-1070,-432,-336,1259,-451]],"type":"Polygon","properties":{"cvegeo":"20298","nombre":"San Pablo Villa de Mitla"}},{"arcs":[[1260,-1208,1261,-982,1262,1263,1264]],"type":"Polygon","properties":{"cvegeo":"20299","nombre":"San Pablo Yaganiza"}},{"arcs":[[-1204,-78,-83,-997,-558,-1241]],"type":"Polygon","properties":{"cvegeo":"20306","nombre":"San Pedro el Alto"}},{"arcs":[[-1,1265,-1226,-1049,1266,1267,-968,1268]],"type":"Polygon","properties":{"cvegeo":"20307","nombre":"San Pedro Huamelula"}},{"arcs":[[-65,-1211,-993,1269,1270]],"type":"Polygon","properties":{"cvegeo":"20308","nombre":"San Pedro Huilotepec"}},{"arcs":[[-1076,-1099,-1237]],"type":"Polygon","properties":{"cvegeo":"20309","nombre":"San Pedro Ixcatlán"}},{"arcs":[[-1097,-425,-1052]],"type":"Polygon","properties":{"cvegeo":"20316","nombre":"San Pedro Mártir Quiechapa"}},{"arcs":[[-1145,1271,-1230]],"type":"Polygon","properties":{"cvegeo":"20323","nombre":"San Pedro Ocotepec"}},{"arcs":[[-6,1272,1273,-79,-76,-1213]],"type":"Polygon","properties":{"cvegeo":"20324","nombre":"San Pedro Pochutla"}},{"arcs":[[1274,-1147,-1058,1275,1276,-1054,1277,1278,-1193,-1142,1279]],"type":"Polygon","properties":{"cvegeo":"20325","nombre":"San Pedro Quiatoni"}},{"arcs":[[-1080,-1178,-1184,1280,1281,1282,-1015,-1115]],"type":"Polygon","properties":{"cvegeo":"20326","nombre":"San Pedro Sochiápam"}},{"arcs":[[-1017,1283,1284,-1034,-1074]],"type":"Polygon","properties":{"cvegeo":"20330","nombre":"San Pedro Teutila"}},{"arcs":[[1285,-1278,-1053,-429,-453,-430,-1069]],"type":"Polygon","properties":{"cvegeo":"20333","nombre":"San Pedro Totolápam"}},{"arcs":[[1286]],"type":"Polygon","properties":{"cvegeo":"20335","nombre":"San Pedro Yaneri"}},{"arcs":[[1287,-1173,-1078,1288]],"type":"Polygon","properties":{"cvegeo":"20336","nombre":"San Pedro Yólox"}},{"arcs":[[-1025,-89,-90,1289,-1087,-1253]],"type":"Polygon","properties":{"cvegeo":"20344","nombre":"San Sebastián Coatlán"}},{"arcs":[[-542,1290,1291,1292,1293,-1250]],"type":"Polygon","properties":{"cvegeo":"20351","nombre":"San Simón Almolongas"}},{"arcs":[[-44,1294,-68,1295,-66,-1271,1296,-35]],"type":"Polygon","properties":{"cvegeo":"20124","nombre":"Heroica Villa de San Blas Atempa"}},{"arcs":[[-1016,-1283,1297,-1232,1298,1299,1300]],"type":"Polygon","properties":{"cvegeo":"20139","nombre":"San Francisco Chapulapa"}},{"arcs":[[-537,1301,-1292,1302]],"type":"Polygon","properties":{"cvegeo":"20353","nombre":"Santa Ana"}},{"arcs":[[-1127,1303,-1299,-1234,-865,-918,1304]],"type":"Polygon","properties":{"cvegeo":"20355","nombre":"Santa Ana Cuauhtémoc"}},{"arcs":[[-1158,1305,-1276,-1057]],"type":"Polygon","properties":{"cvegeo":"20357","nombre":"Santa Ana Tavela"}},{"arcs":[[-417,-444,-1217,1306,-1104,-1143]],"type":"Polygon","properties":{"cvegeo":"20359","nombre":"Santa Ana Yareni"}},{"arcs":[[-1095,-1051,-992]],"type":"Polygon","properties":{"cvegeo":"20361","nombre":"Santa Catalina Quierí"}},{"arcs":[[1307,-539]],"type":"Polygon","properties":{"cvegeo":"20362","nombre":"Santa Catarina Cuixtla"}},{"arcs":[[-1001,-1039,-1027,-1252,-1219]],"type":"Polygon","properties":{"cvegeo":"20366","nombre":"Santa Catarina Loxicha"}},{"arcs":[[-984,-1308,-538,-1303,-1291,-541]],"type":"Polygon","properties":{"cvegeo":"20384","nombre":"Santa Cruz Xitla"}},{"arcs":[[-1003,-561,-1221,-532,1308]],"type":"Polygon","properties":{"cvegeo":"20391","nombre":"Santa Lucía Miahuatlán"}},{"arcs":[[-1231,-1272,-1144,1309,1310,1311,-1136]],"type":"Polygon","properties":{"cvegeo":"20394","nombre":"Santa María Alotepec"}},{"arcs":[[1312,-1238,-1094,-1102,1313,-872,1314]],"type":"Polygon","properties":{"cvegeo":"20406","nombre":"Santa María Chilchotla"}},{"arcs":[[1315,-1225,-40,-30,-95,1316]],"type":"Polygon","properties":{"cvegeo":"20407","nombre":"Santa María Chimalapa"}},{"arcs":[[1317,-1267,-1048,1318,-1046,-1042,-1045,-970]],"type":"Polygon","properties":{"cvegeo":"20410","nombre":"Santa María Ecatepec"}},{"arcs":[[1319,1320,1321,1322,1323,-1162]],"type":"Polygon","properties":{"cvegeo":"20412","nombre":"Santa María Guienagati"}},{"arcs":[[-1121,1324,1325,1326,-1198,-1122,-1090]],"type":"Polygon","properties":{"cvegeo":"20417","nombre":"Santa María Jacatepec"}},{"arcs":[[1327,-976,1328,1329,-973,1330,1331,1332,-1322]],"type":"Polygon","properties":{"cvegeo":"20418","nombre":"Santa María Jalapa del Marqués"}},{"arcs":[[-37,1333,-1329,-975]],"type":"Polygon","properties":{"cvegeo":"20421","nombre":"Santa María Mixtequilla"}},{"arcs":[[-624,1334,-1214,-1206,-1240,-556,-569,1335]],"type":"Polygon","properties":{"cvegeo":"20424","nombre":"Santa María Ozolotepec"}},{"arcs":[[-1281,-1183,-773,1336]],"type":"Polygon","properties":{"cvegeo":"20425","nombre":"Santa María Pápalo"}},{"arcs":[[-1319,-1047]],"type":"Polygon","properties":{"cvegeo":"20428","nombre":"Santa María Quiegolani"}},{"arcs":[[1337,1338,-1242,-1191]],"type":"Polygon","properties":{"cvegeo":"20432","nombre":"Santa María Temaxcalapa"}},{"arcs":[[1339,-1148,-1275,1340]],"type":"Polygon","properties":{"cvegeo":"20435","nombre":"Santa María Tepantlali"}},{"arcs":[[1341,1342,1343,1344,-980,1345]],"type":"Polygon","properties":{"cvegeo":"20437","nombre":"Santa María Tlahuitoltepec"}},{"arcs":[[-1284,-1301,1346]],"type":"Polygon","properties":{"cvegeo":"20438","nombre":"Santa María Tlalixtac"}},{"arcs":[[1347,-80,-1274,1348,-86,-1038,-999]],"type":"Polygon","properties":{"cvegeo":"20439","nombre":"Santa María Tonameca"}},{"arcs":[[1349,-1332,1350]],"type":"Polygon","properties":{"cvegeo":"20440","nombre":"Santa María Totolapilla"}},{"arcs":[[-1296,-67]],"type":"Polygon","properties":{"cvegeo":"20441","nombre":"Santa María Xadani"}},{"arcs":[[1351,-434,-1153,-1011,-1041,1352]],"type":"Polygon","properties":{"cvegeo":"20442","nombre":"Santa María Yalina"}},{"arcs":[[1353,1354,-1343,1355,-1311]],"type":"Polygon","properties":{"cvegeo":"20454","nombre":"Santiago Atitlán"}},{"arcs":[[-1171,1356,-1189,1357,-1187,1358,1359,1360]],"type":"Polygon","properties":{"cvegeo":"20457","nombre":"Santiago Camotlán"}},{"arcs":[[1361,1362,-1255,-1174,-1288,1363]],"type":"Polygon","properties":{"cvegeo":"20458","nombre":"Santiago Comaltepec"}},{"arcs":[[1364,1365,1366,1367,-1062,-1196,-1165]],"type":"Polygon","properties":{"cvegeo":"20465","nombre":"Santiago Ixcuintepec"}},{"arcs":[[-1120,1368,1369,1370,-1172,-1361,1371,-1325]],"type":"Polygon","properties":{"cvegeo":"20468","nombre":"Santiago Jocotepec"}},{"arcs":[[-1188,-1358,-1246,1372]],"type":"Polygon","properties":{"cvegeo":"20471","nombre":"Santiago Lalopa"}},{"arcs":[[1373,1374,-46,-977,-1328,-1321]],"type":"Polygon","properties":{"cvegeo":"20472","nombre":"Santiago Laollaga"}},{"arcs":[[1375,1376,1377,1378,-448,-422,-435,-1352]],"type":"Polygon","properties":{"cvegeo":"20473","nombre":"Santiago Laxopa"}},{"arcs":[[-1228,-8,-1212,-1335,-623]],"type":"Polygon","properties":{"cvegeo":"20495","nombre":"Santiago Xanica"}},{"arcs":[[-1138,1379,1380,1381,1382]],"type":"Polygon","properties":{"cvegeo":"20498","nombre":"Santiago Yaveo"}},{"arcs":[[-1380,-1137,-1312,-1356,-1342,1383,1384]],"type":"Polygon","properties":{"cvegeo":"20502","nombre":"Santiago Zacatepec"}},{"arcs":[[-1376,-1353,-1040,-1032,1385]],"type":"Polygon","properties":{"cvegeo":"20503","nombre":"Santiago Zoochila"}},{"arcs":[[-987,-72,-71,-1224]],"type":"Polygon","properties":{"cvegeo":"20505","nombre":"Santo Domingo Ingenio"}},{"arcs":[[1386,-1257,-450,1387,-1264]],"type":"Polygon","properties":{"cvegeo":"20506","nombre":"Santo Domingo Albarradas"}},{"arcs":[[1388,-47,-1375,1389]],"type":"Polygon","properties":{"cvegeo":"20508","nombre":"Santo Domingo Chihuitán"}},{"arcs":[[-81,-1348,-998]],"type":"Polygon","properties":{"cvegeo":"20509","nombre":"Santo Domingo de Morelos"}},{"arcs":[[-1336,-568,-1065,-552,-565,-625]],"type":"Polygon","properties":{"cvegeo":"20512","nombre":"Santo Domingo Ozolotepec"}},{"arcs":[[1390,-27,-33,-1390,-1374,-1320,-1161]],"type":"Polygon","properties":{"cvegeo":"20513","nombre":"Santo Domingo Petapa"}},{"arcs":[[-1131,1391,-1020,1392,1393]],"type":"Polygon","properties":{"cvegeo":"20514","nombre":"Santo Domingo Roayaga"}},{"arcs":[[-1280,-1141,-1259,1394,1395,-1341]],"type":"Polygon","properties":{"cvegeo":"20517","nombre":"Santo Domingo Tepuxtepec"}},{"arcs":[[-1265,-1388,-449,-1379,1396,1397]],"type":"Polygon","properties":{"cvegeo":"20522","nombre":"Santo Domingo Xagacía"}},{"arcs":[[1398,-620,-53,-50,-58,-985,-1223]],"type":"Polygon","properties":{"cvegeo":"20525","nombre":"Santo Domingo Zanatepec"}},{"arcs":[[-1004,-1309,-531]],"type":"Polygon","properties":{"cvegeo":"20533","nombre":"Santo Tomás Tamazulapan"}},{"arcs":[[-1293,-1302,-536,-232,1399]],"type":"Polygon","properties":{"cvegeo":"20534","nombre":"San Vicente Coatlán"}},{"arcs":[[-1201,-525]],"type":"Polygon","properties":{"cvegeo":"20538","nombre":"Sitio de Xitlapehua"}},{"arcs":[[-1373,-1245,-1150,-1248,1400,-1185]],"type":"Polygon","properties":{"cvegeo":"20541","nombre":"Tanetze de Zaragoza"}},{"arcs":[[-1130,-1384,-1346,-979,-1215,-1021,-1392]],"type":"Polygon","properties":{"cvegeo":"20554","nombre":"Totontepec Villa de Morelos"}},{"arcs":[[-1327,1401,-1364,-1289,-1077,-1199]],"type":"Polygon","properties":{"cvegeo":"20559","nombre":"San Juan Bautista Valle Nacional"}},{"arcs":[[-544,-1251,-1294,-1400,-231,-517]],"type":"Polygon","properties":{"cvegeo":"20563","nombre":"Yogana"}},{"arcs":[[-868,1402,-660,1403,1404]],"type":"Polygon","properties":{"cvegeo":"20372","nombre":"Santa Catarina Yosonotú"}},{"arcs":[[-614,1405,1406,1407,1408]],"type":"Polygon","properties":{"cvegeo":"20373","nombre":"Santa Catarina Zapoquila"}},{"arcs":[[-875,1409,1410,1411]],"type":"Polygon","properties":{"cvegeo":"20374","nombre":"Santa Cruz Acatepec"}},{"arcs":[[1412,-850,-737]],"type":"Polygon","properties":{"cvegeo":"20376","nombre":"Santa Cruz de Bravo"}},{"arcs":[[-734,-836,1413,1414,-933,-951,1415,-949,1416]],"type":"Polygon","properties":{"cvegeo":"20377","nombre":"Santa Cruz Itundujia"}},{"arcs":[[1417,1418,-784]],"type":"Polygon","properties":{"cvegeo":"20379","nombre":"Santa Cruz Nundaco"}},{"arcs":[[1419,-674,1420,-911]],"type":"Polygon","properties":{"cvegeo":"20381","nombre":"Santa Cruz Tacache de Mina"}},{"arcs":[[1421,1422,1423,-730,-746,-866]],"type":"Polygon","properties":{"cvegeo":"20382","nombre":"Santa Cruz Tacahua"}},{"arcs":[[1424,1425,1426,-725,1427]],"type":"Polygon","properties":{"cvegeo":"20383","nombre":"Santa Cruz Tayata"}},{"arcs":[[1428,-749,1429,-642,1430,-798,-698,1431,1432]],"type":"Polygon","properties":{"cvegeo":"20386","nombre":"Santa Cruz Zenzontepec"}},{"arcs":[[-867,-735,-1417,-948,1433,-661,-1403]],"type":"Polygon","properties":{"cvegeo":"20392","nombre":"Santa Lucía Monteverde"}},{"arcs":[[1434,1435,1436,1437,1438,1439]],"type":"Polygon","properties":{"cvegeo":"20395","nombre":"Santa María Apazco"}},{"arcs":[[1440,1441]],"type":"Polygon","properties":{"cvegeo":"20396","nombre":"Santa María la Asunción"}},{"arcs":[[1442,1443,-899,1444,1445,1446,-1418,-788,1447,1448,1449,-654,1450]],"type":"Polygon","properties":{"cvegeo":"20397","nombre":"Heroica Ciudad de Tlaxiaco"}},{"arcs":[[1451,1452,1453,1454,-847]],"type":"Polygon","properties":{"cvegeo":"20400","nombre":"Santa María Camotlán"}},{"arcs":[[-631,1455,-744,1456,1457]],"type":"Polygon","properties":{"cvegeo":"20402","nombre":"Santa María Cortijo"}},{"arcs":[[1458,1459,1460,-758,1461]],"type":"Polygon","properties":{"cvegeo":"20404","nombre":"Santa María Chachoápam"}},{"arcs":[[-960,1462,1463,1464,-812,-765,-954,-793]],"type":"Polygon","properties":{"cvegeo":"20405","nombre":"Villa de Chilapa de Díaz"}},{"arcs":[[1465,-1451,-658,1466,-1426]],"type":"Polygon","properties":{"cvegeo":"20408","nombre":"Santa María del Rosario"}},{"arcs":[[-959,1467,1468,-669]],"type":"Polygon","properties":{"cvegeo":"20414","nombre":"Santa María Huazolotitlán"}},{"arcs":[[-936,1469,1470,1471,1472,1473,1474]],"type":"Polygon","properties":{"cvegeo":"20415","nombre":"Santa María Ipalapa"}},{"arcs":[[1475,1476,1477,1478,1479]],"type":"Polygon","properties":{"cvegeo":"20416","nombre":"Santa María Ixcatlán"}},{"arcs":[[-757,1480,1481]],"type":"Polygon","properties":{"cvegeo":"20422","nombre":"Santa María Nativitas"}},{"arcs":[[-789,-588,1482,1483,-1428,-724,1484]],"type":"Polygon","properties":{"cvegeo":"20423","nombre":"Santa María Nduayaco"}},{"arcs":[[-224,-258]],"type":"Polygon","properties":{"cvegeo":"20429","nombre":"Santa María Sola"}},{"arcs":[[1485,1486,1487,1488,-712]],"type":"Polygon","properties":{"cvegeo":"20430","nombre":"Santa María Tataltepec"}},{"arcs":[[1489,-920,1490,-1480,-607,-803]],"type":"Polygon","properties":{"cvegeo":"20431","nombre":"Santa María Tecomavaca"}},{"arcs":[[-766,-721,1491]],"type":"Polygon","properties":{"cvegeo":"20433","nombre":"Santa María Temaxcaltepec"}},{"arcs":[[1492,1493,1494,-806,-703,1495]],"type":"Polygon","properties":{"cvegeo":"20434","nombre":"Santa María Teopoxco"}},{"arcs":[[-1437,1496,1497,-828,1498]],"type":"Polygon","properties":{"cvegeo":"20436","nombre":"Santa María Texcatitlán"}},{"arcs":[[1499,-731,-1424]],"type":"Polygon","properties":{"cvegeo":"20444","nombre":"Santa María Yolotepec"}},{"arcs":[[1500,1501,1502,1503,1504]],"type":"Polygon","properties":{"cvegeo":"20445","nombre":"Santa María Yosoyúa"}},{"arcs":[[-663,1505,-786]],"type":"Polygon","properties":{"cvegeo":"20446","nombre":"Santa María Yucuhiti"}},{"arcs":[[-937,-1475,1506,1507,1508,-885,1509,-952]],"type":"Polygon","properties":{"cvegeo":"20447","nombre":"Santa María Zacatepec"}},{"arcs":[[-750,-1429,1510,-834,-707]],"type":"Polygon","properties":{"cvegeo":"20448","nombre":"Santa María Zaniza"}},{"arcs":[[-835,-1511,-1433,1511,-1414]],"type":"Polygon","properties":{"cvegeo":"20450","nombre":"Santiago Amoltepec"}},{"arcs":[[-1497,-1436,1512,1513,1514,1515,1516]],"type":"Polygon","properties":{"cvegeo":"20451","nombre":"Santiago Apoala"}},{"arcs":[[-955,-810,1517,1518,1519]],"type":"Polygon","properties":{"cvegeo":"20456","nombre":"Santiago Cacaloxtepec"}},{"arcs":[[1520,1521,-857,-860,1522]],"type":"Polygon","properties":{"cvegeo":"20459","nombre":"Villa de Santiago Chazumba"}},{"arcs":[[-926,1523,1524]],"type":"Polygon","properties":{"cvegeo":"20461","nombre":"Santiago del Río"}},{"arcs":[[1525,-795,-956,-1520,1526,-1454]],"type":"Polygon","properties":{"cvegeo":"20462","nombre":"Santiago Huajolotitlán"}},{"arcs":[[1527,-647,-511,1528,1529]],"type":"Polygon","properties":{"cvegeo":"20463","nombre":"Santiago Huauclilla"}},{"arcs":[[-609,1530,-696,1531,-822,1532,-612]],"type":"Polygon","properties":{"cvegeo":"20464","nombre":"Santiago Ihuitlán Plumas"}},{"arcs":[[-1512,-1432,-702,-944,1533,-934,-1415]],"type":"Polygon","properties":{"cvegeo":"20466","nombre":"Santiago Ixtayutla"}},{"arcs":[[-797,-14,1534,-1468,1535,-940,-700]],"type":"Polygon","properties":{"cvegeo":"20467","nombre":"Santiago Jamiltepec"}},{"arcs":[[-775,1536,1537,1538,1539,1540,1541,1542,-854,1543,1544,1545]],"type":"Polygon","properties":{"cvegeo":"20469","nombre":"Santiago Juxtlahuaca"}},{"arcs":[[1546,-1518,-818,-754,-600,-909,-779,1547,1548]],"type":"Polygon","properties":{"cvegeo":"20237","nombre":"San Marcos Arteaga"}},{"arcs":[[-1465,1549,1550,1551,-813]],"type":"Polygon","properties":{"cvegeo":"20105","nombre":"San Antonino Monte Verde"}},{"arcs":[[-808,-824,1552,-693]],"type":"Polygon","properties":{"cvegeo":"20106","nombre":"San Antonio Acutla"}},{"arcs":[[-804,-605,1553]],"type":"Polygon","properties":{"cvegeo":"20109","nombre":"San Antonio Nanahuatípam"}},{"arcs":[[-898,-947,1554,1555,1556,-1445]],"type":"Polygon","properties":{"cvegeo":"20110","nombre":"San Antonio Sinicahua"}},{"arcs":[[-655,-1450,1557,-1537,-774,-815,1558]],"type":"Polygon","properties":{"cvegeo":"20208","nombre":"San Juan Mixtepec"}},{"arcs":[[-1552,1559,1560,-656,-1559,-814]],"type":"Polygon","properties":{"cvegeo":"20210","nombre":"San Juan Ñumí"}},{"arcs":[[1561,1562,-799,-1431,-641]],"type":"Polygon","properties":{"cvegeo":"20213","nombre":"San Juan Quiahije"}},{"arcs":[[1563,1564,-1504,1565,-1487]],"type":"Polygon","properties":{"cvegeo":"20218","nombre":"San Juan Teita"}},{"arcs":[[1566,1567,1568,-688,1569,-756]],"type":"Polygon","properties":{"cvegeo":"20221","nombre":"San Juan Teposcolula"}},{"arcs":[[1570,-577,-759,-1461]],"type":"Polygon","properties":{"cvegeo":"20224","nombre":"San Juan Yucuita"}},{"arcs":[[1571,-957,-930,1572,-942]],"type":"Polygon","properties":{"cvegeo":"20225","nombre":"San Lorenzo"}},{"arcs":[[1573,1574,1575,1576,1577]],"type":"Polygon","properties":{"cvegeo":"20228","nombre":"San Lorenzo Cuaunecuiltitla"}},{"arcs":[[-747,-238,-639]],"type":"Polygon","properties":{"cvegeo":"20229","nombre":"San Lorenzo Texmelúcan"}},{"arcs":[[-1411,1578,1579,-922,1580,1581,1582]],"type":"Polygon","properties":{"cvegeo":"20234","nombre":"San Lucas Zoquiápam"}},{"arcs":[[-726,-1427,-1467,-657,-1561,1583]],"type":"Polygon","properties":{"cvegeo":"20239","nombre":"San Martín Huamelúlpam"}},{"arcs":[[-1449,1584,-1538,-1558]],"type":"Polygon","properties":{"cvegeo":"20240","nombre":"San Martín Itunyoso"}},{"arcs":[[1585,1586,-1544,-856,1587,1588]],"type":"Polygon","properties":{"cvegeo":"20242","nombre":"San Martín Peras"}},{"arcs":[[-801,-1495,1589,-1582,1590]],"type":"Polygon","properties":{"cvegeo":"20244","nombre":"San Martín Toxpalan"}},{"arcs":[[1591,-781,-908,1592]],"type":"Polygon","properties":{"cvegeo":"20245","nombre":"San Martín Zacatepec"}},{"arcs":[[-874,1593,-1579,-1410]],"type":"Polygon","properties":{"cvegeo":"20249","nombre":"San Mateo Yoloxochitlán"}},{"arcs":[[-905,1594,1595,-581,1596]],"type":"Polygon","properties":{"cvegeo":"20250","nombre":"San Mateo Etlatongo"}},{"arcs":[[-964,1597,1598,-842]],"type":"Polygon","properties":{"cvegeo":"20251","nombre":"San Mateo Nejápam"}},{"arcs":[[-1488,-1566,-1503,1599,-1555,-946,1600]],"type":"Polygon","properties":{"cvegeo":"20252","nombre":"San Mateo Peñasco"}},{"arcs":[[-832,1601,1602,1603,-1564,-1486,-711]],"type":"Polygon","properties":{"cvegeo":"20255","nombre":"San Mateo Sindihui"}},{"arcs":[[-1532,-695,1604,-892,-819]],"type":"Polygon","properties":{"cvegeo":"20256","nombre":"San Mateo Tlapiltepec"}},{"arcs":[[1605,1606,-902,1607,1608,-587,1609]],"type":"Polygon","properties":{"cvegeo":"20258","nombre":"San Miguel Achiutla"}},{"arcs":[[-680,1610,-965,-841,1611]],"type":"Polygon","properties":{"cvegeo":"20259","nombre":"San Miguel Ahuehuetitlán"}},{"arcs":[[1612,1613,1614,1615,-1548,-783,1616,-1593,-907,-881,1617]],"type":"Polygon","properties":{"cvegeo":"20261","nombre":"San Miguel Amatitlán"}},{"arcs":[[-1459,1618,1619,-1514,1620]],"type":"Polygon","properties":{"cvegeo":"20264","nombre":"San Miguel Chicahua"}},{"arcs":[[-1557,1621,1622,-869,-1405,1623,-1446]],"type":"Polygon","properties":{"cvegeo":"20269","nombre":"San Miguel el Grande"}},{"arcs":[[1624,1625,-1516,1626,-1477]],"type":"Polygon","properties":{"cvegeo":"20270","nombre":"San Miguel Huautla"}},{"arcs":[[1627,-9,-800,-1563]],"type":"Polygon","properties":{"cvegeo":"20272","nombre":"San Miguel Panixtlahuaca"}},{"arcs":[[-478,-476,1628,1629]],"type":"Polygon","properties":{"cvegeo":"20274","nombre":"San Miguel Piedras"}},{"arcs":[[-904,1630,-716,-592,1631,-1595]],"type":"Polygon","properties":{"cvegeo":"20281","nombre":"San Miguel Tecomatlán"}},{"arcs":[[-1531,-608,-1479,1632,1633,1634,-697]],"type":"Polygon","properties":{"cvegeo":"20283","nombre":"San Miguel Tequixtepec"}},{"arcs":[[1635,1636,-665]],"type":"Polygon","properties":{"cvegeo":"20285","nombre":"San Miguel Tlacamama"}},{"arcs":[[-776,-1546,1637,-924]],"type":"Polygon","properties":{"cvegeo":"20286","nombre":"San Miguel Tlacotepec"}},{"arcs":[[-823,-893,-1605,-694,-1635,1638,-685,-1553]],"type":"Polygon","properties":{"cvegeo":"20287","nombre":"San Miguel Tulancingo"}},{"arcs":[[-910,-882,-675,-1420]],"type":"Polygon","properties":{"cvegeo":"20290","nombre":"San Nicolás Hidalgo"}},{"arcs":[[-1604,-1422,-871,1639,-1505,-1565]],"type":"Polygon","properties":{"cvegeo":"20297","nombre":"San Pablo Tijaltepec"}},{"arcs":[[-1507,-1474,1640]],"type":"Polygon","properties":{"cvegeo":"20300","nombre":"San Pedro Amuzgos"}},{"arcs":[[1641,1642,1643,-1471]],"type":"Polygon","properties":{"cvegeo":"20302","nombre":"San Pedro Atoyac"}},{"arcs":[[-1440,1644,-1530,1645]],"type":"Polygon","properties":{"cvegeo":"20304","nombre":"San Pedro Coxcaltepec Cántaros"}},{"arcs":[[-1499,-827,1646,-1438]],"type":"Polygon","properties":{"cvegeo":"20311","nombre":"San Pedro Jaltepetongo"}},{"arcs":[[-1643,1647,-932,-666,-1637,1648]],"type":"Polygon","properties":{"cvegeo":"20312","nombre":"San Pedro Jicayán"}},{"arcs":[[-829,-1498,-1517,-1626,1649]],"type":"Polygon","properties":{"cvegeo":"20313","nombre":"San Pedro Jocotipac"}},{"arcs":[[-727,-1584,-1560,-1551,1650,1651]],"type":"Polygon","properties":{"cvegeo":"20317","nombre":"San Pedro Mártir Yucuxaco"}},{"arcs":[[1652,-1622,-1556,-1600,-1502]],"type":"Polygon","properties":{"cvegeo":"20320","nombre":"San Pedro Molinos"}},{"arcs":[[-894,-825,-809,-796,-1526,-1453,1653]],"type":"Polygon","properties":{"cvegeo":"20321","nombre":"San Pedro Nopala"}},{"arcs":[[-876,1654,1655,-1576,1656]],"type":"Polygon","properties":{"cvegeo":"20322","nombre":"San Pedro Ocopetatillo"}},{"arcs":[[-1602,-831,-479,-1630,1657]],"type":"Polygon","properties":{"cvegeo":"20329","nombre":"San Pedro Teozacoalco"}},{"arcs":[[-586,-594,-715,1658,-1610]],"type":"Polygon","properties":{"cvegeo":"20331","nombre":"San Pedro Tidaá"}},{"arcs":[[-649,1659,-760,-718,-583,1660]],"type":"Polygon","properties":{"cvegeo":"20332","nombre":"San Pedro Topiltepec"}},{"arcs":[[-1568,1661,-761,-1660,-653,-790,-1485,-728,-1652,1662,-1463,-962,1663]],"type":"Polygon","properties":{"cvegeo":"20339","nombre":"San Pedro y San Pablo Teposcolula"}},{"arcs":[[1664,-1408,1665,-637,1666,1667,1668,-858,-1522]],"type":"Polygon","properties":{"cvegeo":"20340","nombre":"San Pedro y San Pablo Tequixtepec"}},{"arcs":[[-1569,-1664,-961,-689]],"type":"Polygon","properties":{"cvegeo":"20341","nombre":"San Pedro Yucunama"}},{"arcs":[[1669,-1636,-673,-628,-915,1670]],"type":"Polygon","properties":{"cvegeo":"20345","nombre":"San Sebastián Ixcapa"}},{"arcs":[[-1663,-1651,-1550,-1464]],"type":"Polygon","properties":{"cvegeo":"20346","nombre":"San Sebastián Nicananduta"}},{"arcs":[[-1587,1671,-1524,-925,-1638,-1545]],"type":"Polygon","properties":{"cvegeo":"20348","nombre":"San Sebastián Tecomaxtlahuaca"}},{"arcs":[[-782,-1592,-1617]],"type":"Polygon","properties":{"cvegeo":"20352","nombre":"San Simón Zahuatlán"}},{"arcs":[[-877,-1657,-1575,1672]],"type":"Polygon","properties":{"cvegeo":"20354","nombre":"Santa Ana Ateixtlahuaca"}},{"arcs":[[-236,-572,1673,-723,-769,-10,-1628,-1562,-640]],"type":"Polygon","properties":{"cvegeo":"20364","nombre":"Santa Catarina Juquila"}},{"arcs":[[-1536,-958,-1572,-941]],"type":"Polygon","properties":{"cvegeo":"20367","nombre":"Santa Catarina Mechoacán"}},{"arcs":[[-1484,1674,-1608,-901,1675,-1443,-1466,-1425]],"type":"Polygon","properties":{"cvegeo":"20370","nombre":"Santa Catarina Tayata"}},{"arcs":[[-1640,-870,-1623,-1653,-1501]],"type":"Polygon","properties":{"cvegeo":"20371","nombre":"Santa Catarina Ticuá"}},{"arcs":[[-1254,-1105,-1307,-1218,-1109,-1176]],"type":"Polygon","properties":{"cvegeo":"20001","nombre":"Abejones"}},{"arcs":[[-1235,-1239,-1313,1676,-617,1677]],"type":"Polygon","properties":{"cvegeo":"20002","nombre":"Acatlán de Pérez Figueroa"}},{"arcs":[[-1354,-1310,-1149,1678]],"type":"Polygon","properties":{"cvegeo":"20003","nombre":"Asunción Cacalotepec"}},{"arcs":[[-969,-1268,-1318]],"type":"Polygon","properties":{"cvegeo":"20008","nombre":"Asunción Tlacolulita"}},{"arcs":[[-1360,1679,-1362,-1402,-1326,-1372]],"type":"Polygon","properties":{"cvegeo":"20009","nombre":"Ayotzintepec"}},{"arcs":[[-48,-1389,-32]],"type":"Polygon","properties":{"cvegeo":"20014","nombre":"Ciudad Ixtepec"}},{"arcs":[[-1156,-1202,-523,-545,-515]],"type":"Polygon","properties":{"cvegeo":"20015","nombre":"Coatecas Altas"}},{"arcs":[[-1233,-1298,-1282,-1337,-772,1680,-862]],"type":"Polygon","properties":{"cvegeo":"20019","nombre":"Concepción Pápalo"}},{"arcs":[[-1285,-1347,-1300,-1304,-1126,-1035]],"type":"Polygon","properties":{"cvegeo":"20027","nombre":"Chiquihuitlán de Benito Juárez"}},{"arcs":[[-1295,-43,-69]],"type":"Polygon","properties":{"cvegeo":"20030","nombre":"El Espinal"}},{"arcs":[[-983,-1262,-1207,1681,-1030,-1216]],"type":"Polygon","properties":{"cvegeo":"20038","nombre":"Villa Hidalgo Yalálag"}},{"arcs":[[-1128,-1305,-917,1682,-1441,1683]],"type":"Polygon","properties":{"cvegeo":"20040","nombre":"Huautepec"}},{"arcs":[[-1101,-1129,-1684,-1442,-1683,-923,-1580,-1594,-873,-1314]],"type":"Polygon","properties":{"cvegeo":"20041","nombre":"Huautla de Jiménez"}},{"arcs":[[-1644,-1649,-1670,1684,-1472]],"type":"Polygon","properties":{"cvegeo":"20111","nombre":"San Antonio Tepetlapa"}},{"arcs":[[-713,-1489,-1601,-945,-896,-1607]],"type":"Polygon","properties":{"cvegeo":"20119","nombre":"San Bartolomé Yucuañe"}},{"arcs":[[-1619,-1462,-762,-1662,-1567,-755,-1482,1685]],"type":"Polygon","properties":{"cvegeo":"20121","nombre":"San Bartolo Soyaltepec"}},{"arcs":[[-900,-1444,-1676]],"type":"Polygon","properties":{"cvegeo":"20127","nombre":"San Cristóbal Amoltepec"}},{"arcs":[[1686,-686,-1639,-1634]],"type":"Polygon","properties":{"cvegeo":"20129","nombre":"San Cristóbal Suchixtlahuaca"}},{"arcs":[[-1624,-1404,-659,-785,-1419,-1447]],"type":"Polygon","properties":{"cvegeo":"20133","nombre":"San Esteban Atatlahuca"}},{"arcs":[[-1629,-837,-732,-1500,-1423,-1603,-1658]],"type":"Polygon","properties":{"cvegeo":"20137","nombre":"San Francisco Cahuacuá"}},{"arcs":[[-1656,1687,-1493,1688,-1577]],"type":"Polygon","properties":{"cvegeo":"20142","nombre":"San Francisco Huehuetlán"}},{"arcs":[[-903,-889,-717,-1631]],"type":"Polygon","properties":{"cvegeo":"20144","nombre":"San Francisco Jaltepetongo"}},{"arcs":[[-846,1689,-1406,-613,-1533,-821,-895,-1654,-1452]],"type":"Polygon","properties":{"cvegeo":"20151","nombre":"San Francisco Teopan"}},{"arcs":[[1690,-1589,1691,1692,-852]],"type":"Polygon","properties":{"cvegeo":"20152","nombre":"San Francisco Tlapancingo"}},{"arcs":[[-1290,-93,-768,1693,-1088]],"type":"Polygon","properties":{"cvegeo":"20153","nombre":"San Gabriel Mixtepec"}},{"arcs":[[-748,-643,-1430]],"type":"Polygon","properties":{"cvegeo":"20158","nombre":"San Jacinto Tlacotepec"}},{"arcs":[[-1549,-1616,1694]],"type":"Polygon","properties":{"cvegeo":"20160","nombre":"San Jerónimo Silacayoapilla"}},{"arcs":[[-1412,-1583,-1590,-1494,-1688,-1655]],"type":"Polygon","properties":{"cvegeo":"20163","nombre":"San Jerónimo Tecóatl"}},{"arcs":[[-741,-1456,-630,-672]],"type":"Polygon","properties":{"cvegeo":"20168","nombre":"San José Estancia Grande"}},{"arcs":[[-1675,-1483,-1609]],"type":"Polygon","properties":{"cvegeo":"20172","nombre":"San Juan Achiutla"}},{"arcs":[[-1620,-1686,-1481,-1570,-687,-1687,-1633,-1478,-1627,-1515]],"type":"Polygon","properties":{"cvegeo":"20176","nombre":"San Juan Bautista Coixtlahuaca"}},{"arcs":[[-863,-1681,-771,-1182,-1112,-648,-1528,-1645,-1439,-1647,-830,-1650,-1625,-1476,-1491,-919]],"type":"Polygon","properties":{"cvegeo":"20177","nombre":"San Juan Bautista Cuicatlán"}},{"arcs":[[-1458,1695,-632]],"type":"Polygon","properties":{"cvegeo":"20180","nombre":"San Juan Bautista Lo de Soto"}},{"arcs":[[-1407,-1690,-849,-638,-1666]],"type":"Polygon","properties":{"cvegeo":"20181","nombre":"San Juan Bautista Suchitepec"}},{"arcs":[[-1508,-1641,-1473,-1685,-1671,-914,1696]],"type":"Polygon","properties":{"cvegeo":"20185","nombre":"San Juan Cacahuatepec"}},{"arcs":[[1697,-912,-1421,-682,1698,-839,1699]],"type":"Polygon","properties":{"cvegeo":"20186","nombre":"San Juan Cieneguilla"}},{"arcs":[[-1573,-929,-1648,-1642,-1470,-935,-1534,-943]],"type":"Polygon","properties":{"cvegeo":"20188","nombre":"San Juan Colorado"}},{"arcs":[[-1606,-1659,-714]],"type":"Polygon","properties":{"cvegeo":"20195","nombre":"San Juan Diuxi"}},{"arcs":[[-681,-1612,-840,-1699]],"type":"Polygon","properties":{"cvegeo":"20199","nombre":"San Juan Ihualtepec"}},{"arcs":[[-1089,-1694,-767,-1492,-720,-1674,-571]],"type":"Polygon","properties":{"cvegeo":"20202","nombre":"San Juan Lachao"}},{"arcs":[[-1490,-802,-1591,-1581,-921]],"type":"Polygon","properties":{"cvegeo":"20206","nombre":"San Juan de los Cués"}},{"arcs":[[-1344,-1355,-1679,-1340,-1396,1700]],"type":"Polygon","properties":{"cvegeo":"20031","nombre":"Tamazulápam del Espíritu Santo"}},{"arcs":[[-1395,-1258,-1387,-1263,-981,-1345,-1701]],"type":"Polygon","properties":{"cvegeo":"20337","nombre":"San Pedro y San Pablo Ayutla"}},{"arcs":[[-626]],"type":"Polygon","properties":{"cvegeo":"20148","nombre":"San Francisco Ozolotepec"}},{"arcs":[[-1377,-1386,-1031,-1682,-1209,-1261,-1398,1701]],"type":"Polygon","properties":{"cvegeo":"20138","nombre":"San Francisco Cajonos"}},{"arcs":[[1702,1703]],"type":"Polygon","properties":{"cvegeo":"20165","nombre":"San José Ayuquila"}},{"arcs":[[1704,1705,-1614,1706,-1704]],"type":"Polygon","properties":{"cvegeo":"20455","nombre":"Santiago Ayuquililla"}},{"arcs":[[-595,-591,-651,1707]],"type":"Polygon","properties":{"cvegeo":"20518","nombre":"Santo Domingo Tlatayápam"}},{"arcs":[[-1596,-1632,-596,-1708,-650,-1661,-582]],"type":"Polygon","properties":{"cvegeo":"20140","nombre":"San Francisco Chindúa"}},{"arcs":[[-1338,-1190,-1357,-1170,1708,-1393,-1023,-1006,-1180,-1244,1709]],"type":"Polygon","properties":{"cvegeo":"20156","nombre":"San Ildefonso Villa Alta"}},{"arcs":[[-1710,-1243,-1339]],"type":"Polygon","properties":{"cvegeo":"20128","nombre":"San Cristóbal Lachirioag"}},{"arcs":[[-1229,-520,-496,-286,-522]],"type":"Polygon","properties":{"cvegeo":"20542","nombre":"Taniche"}},{"arcs":[[1710,-1323,-1333,-1350,1711,-1367,1712,-1365,-1164],[1713]],"type":"Polygon","properties":{"cvegeo":"20470","nombre":"Santiago Lachiguiri"}},{"arcs":[[1714,-1382,1715,-1168,-1371],[1716]],"type":"Polygon","properties":{"cvegeo":"20205","nombre":"San Juan Lalana"}},{"arcs":[[-1186,-1401,-1249,-345,-346,-320,1717,-318,-420,-1107,-1256,-1363,-1680,-1359],[-1287]],"type":"Polygon","properties":{"cvegeo":"20042","nombre":"Ixtlán de Juárez"}},{"arcs":[[-679,-739,-853,-1693,1718,-1598,-963,-1611]],"type":"Polygon","properties":{"cvegeo":"20183","nombre":"San Juan Bautista Tlachichilco"}},{"arcs":[[[-367,-502,-458,-411,-266,1719,-489,-249,-506,-272]],[[1720,-269,-504,-472,-491]]],"type":"MultiPolygon","properties":{"cvegeo":"20292","nombre":"San Pablo Cuatro Venados"}},{"arcs":[[[-1448,-787,-1506,-662,-1434,-953,-1510,-887,1721,1722,-1539,-1585]],[[-950,-1416]]],"type":"MultiPolygon","properties":{"cvegeo":"20073","nombre":"Putla Villa de Guerrero"}},{"arcs":[[[-635,-848,-1455,-1527,-1519,-1547,-1695,-1615,-1706,1723,-844,1724]],[[1725,-1668]]],"type":"MultiPolygon","properties":{"cvegeo":"20039","nombre":"Heroica Ciudad de Huajuapan de León"}},{"arcs":[[[-1723,1726,-1540]],[[1727,-1542]]],"type":"MultiPolygon","properties":{"cvegeo":"20020","nombre":"Constancia del Rosario"}},{"arcs":[[[-580,-578,-1571,-1460,-1621,-1513,-1435,-1646,-1529,-510,-265,-891,-906,-1597]],[[-482,-888]]],"type":"MultiPolygon","properties":{"cvegeo":"20006","nombre":"Asunción Nochixtlán"}},{"arcs":[[-884,-603,-597,-602,-753,-939,-927,-1525,-1672,-1586,-1691,-851,-1413,-740,-677]],"type":"Polygon","properties":{"cvegeo":"20537","nombre":"Silacayoápam"}},{"arcs":[[-117,1728,1729,-380,-180]],"type":"Polygon","properties":{"cvegeo":"20390","nombre":"Santa Lucía del Camino"}},{"arcs":[[-195,-378,1730,-1729,1731]],"type":"Polygon","properties":{"cvegeo":"20350","nombre":"San Sebastián Tutla"}},{"arcs":[[[-1297,-1270,-996,1732,-2,-1269,-967,-1247,-974,-1330,-1334,-36]],[[-1366,-1713]]],"type":"MultiPolygon","properties":{"cvegeo":"20515","nombre":"Santo Domingo Tehuantepec"}},{"arcs":[[[-493,-394,-108,-358,-364,-505,-410,-446]],[[-361,-407,-145,-385,-396]],[[-469,-462,-259,-222,-474]],[[-270,-1721,-490,-1720]]],"type":"MultiPolygon","properties":{"cvegeo":"20570","nombre":"Zimatlán de Álvarez"}},{"arcs":[[[-452,-1260,-338,-313,-312,-279,-325,-324,-171,-165,-382]],[[-1068,-1194,-1279,-1286]]],"type":"MultiPolygon","properties":{"cvegeo":"20551","nombre":"Tlacolula de Matamoros"}},{"arcs":[[[-1716,-1381,-1385,-1132,-1394,-1709,-1169]],[[-1717]]],"type":"MultiPolygon","properties":{"cvegeo":"20460","nombre":"Santiago Choápam"}},{"arcs":[[[-28,-1391,-1160,-99,-1159,-96]],[[-101]]],"type":"MultiPolygon","properties":{"cvegeo":"20198","nombre":"San Juan Guichicovi"}},{"arcs":[[[-152,-393,-492,-456]],[[-160,-455,-413,-295,-377]]],"type":"MultiPolygon","properties":{"cvegeo":"20115","nombre":"San Bartolo Coyotepec"}},{"arcs":[[[-1712,-1351,-1331,-972,-1044,-1368]],[[-1306,-1157,-1055,-1277]]],"type":"MultiPolygon","properties":{"cvegeo":"20064","nombre":"Nejapa de Madero"}},{"arcs":[[[1733,-1117,1734]],[[-1369,-1119,1735]]],"type":"MultiPolygon","properties":{"cvegeo":"20044","nombre":"Loma Bonita"}},{"arcs":[[[-1324,-1711,-1163]],[[-1714]]],"type":"MultiPolygon","properties":{"cvegeo":"20036","nombre":"Guevea de Humboldt"}}]}}}